Time,ref,est
18910775734524.0,-0.004999999888241291,0.0074528115801513195
18910775808790.0,-0.004999999888241291,0.0006386861787177622
18910775883536.0,-0.004999999888241291,-0.00010259362170472741
18910775957327.0,-0.004999999888241291,0.0014275016728788614
18910776031321.0,0.0,0.03878979757428169
18910776106406.0,-0.004999999888241291,0.014017547480762005
18910776179357.0,-0.004999999888241291,0.0016293557127937675
18910776254604.0,-0.004999999888241291,0.002273497637361288
18910776329956.0,-0.004999999888241291,0.006925786379724741
18910776404172.0,-0.004999999888241291,0.009101401083171368
18910776476840.0,-0.004999999888241291,0.003867662511765957
18910776552237.0,-0.004999999888241291,0.021676290780305862
18910776627199.0,-0.004999999888241291,0.003862151177600026
18910776701286.0,-0.004999999888241291,0.031525805592536926
18910776774921.0,-0.004999999888241291,0.01207409892231226
18910776848897.0,-0.004999999888241291,0.047454364597797394
18910776922897.0,-0.004999999888241291,0.00113126530777663
18910776998193.0,-0.004999999888241291,-0.00032718211878091097
18910777071957.0,0.0,0.0038821299094706774
18910777145805.0,0.0,0.005421869922429323
18910777220980.0,0.0,0.0024608843959867954
18910777293348.0,0.0,0.009052488021552563
18910777366145.0,-0.004999999888241291,0.0031759850680828094
18910777441930.0,0.0,0.00935699138790369
18910777515412.0,0.0,0.004628920927643776
18910777588671.0,0.0,0.009301877580583096
18910777664581.0,-0.004999999888241291,0.007968814112246037
18910777737958.0,-0.004999999888241291,0.0015583967324346304
18910777812395.0,0.0,0.0040991404093801975
18910777886011.0,0.0,0.003807726316154003
18910777959949.0,-0.004999999888241291,0.0023230998776853085
18910778033366.0,-0.004999999888241291,0.008738339878618717
18910778108264.0,0.0,0.003919331822544336
18910778180779.0,0.0,0.005431515164673328
18910778255792.0,0.0,0.003769835690036416
18910778331331.0,0.0,0.00525790685787797
18910778403580.0,-0.004999999888241291,0.007046347483992577
18910778475830.0,-0.004999999888241291,0.009136536158621311
18910778550938.0,-0.004999999888241291,0.008219581097364426
18910778625050.0,-0.004999999888241291,0.008252649568021297
18910778698158.0,-0.004999999888241291,0.008817565627396107
18910778771325.0,-0.004999999888241291,0.005069830920547247
18910778846512.0,-0.004999999888241291,0.008501349948346615
18910778921546.0,0.0,0.004697813186794519
18910778995443.0,-0.004999999888241291,0.009035265073180199
18910779067625.0,0.0,0.0084276357665658
18910779141679.0,0.0,0.004471846856176853
18910779216729.0,-0.004999999888241291,0.005501096136868
18910779289324.0,-0.004999999888241291,0.0050202286802232265
18910779365008.0,-0.004999999888241291,0.007559594232589006
18910779440952.0,-0.004999999888241291,0.0002494454092811793
18910779513602.0,-0.004999999888241291,0.00875349622219801
18910779586526.0,-0.004999999888241291,0.002416793256998062
18910779662011.0,-0.004999999888241291,0.009053177200257778
18910779736517.0,-0.004999999888241291,0.008873368613421917
18910779810481.0,-0.004999999888241291,0.008841677568852901
18910779884753.0,-0.004999999888241291,0.006940942723304033
18910779959954.0,-0.004999999888241291,0.00858126487582922
18910780033768.0,0.0,0.005267551634460688
18910780108225.0,-0.004999999888241291,0.007154508493840694
18910780182915.0,-0.004999999888241291,0.008779674768447876
18910780257165.0,-0.004999999888241291,0.008495839312672615
18910780332977.0,-0.004999999888241291,0.006949898786842823
18910780409019.0,-0.004999999888241291,0.007780049461871386
18910780483699.0,-0.004999999888241291,0.009043531492352486
18910780558939.0,-0.004999999888241291,0.0032145646400749683
18910780632079.0,-0.004999999888241291,0.002296231919899583
18910780705140.0,-0.004999999888241291,0.004789439961314201
18910780781148.0,-0.004999999888241291,0.011015226133167744
18910780856303.0,-0.004999999888241291,0.01928573101758957
18910780930198.0,-0.004999999888241291,0.008161023259162903
18910781005952.0,-0.004999999888241291,0.008880945853888988
18910781080060.0,-0.004999999888241291,0.007856519892811775
18910781154605.0,-0.004999999888241291,0.008984973654150963
18910781228592.0,-0.004999999888241291,0.005173858255147934
18910781302753.0,-0.004999999888241291,0.0016079990891739726
18910781376971.0,-0.004999999888241291,0.008096952922642231
18910781452329.0,-0.004999999888241291,0.0024774183984845877
18910781524980.0,-0.004999999888241291,0.004637876991182566
18910781598886.0,-0.004999999888241291,0.007357740309089422
18910781674587.0,-0.004999999888241291,0.008588154800236225
18910781747183.0,-0.004999999888241291,0.005359867122024298
18910781819741.0,-0.004999999888241291,0.008615022525191307
18910781895222.0,-0.004999999888241291,0.0068837618455290794
18910781969482.0,-0.004999999888241291,0.006500032730400562
18910782043552.0,-0.004999999888241291,0.0009500788291916251
18910782116796.0,-0.004999999888241291,0.008074907585978508
18910782191241.0,-0.004999999888241291,0.004973382223397493
18910782265989.0,-0.004999999888241291,0.005750485695898533
18910782340657.0,-0.004999999888241291,0.004806662909686565
18910782415588.0,-0.004999999888241291,0.005140789784491062
18910782488734.0,-0.004999999888241291,0.00759472930803895
18910782564242.0,-0.004999999888241291,0.004170787986367941
18910782636879.0,-0.004999999888241291,0.009076599963009357
18910782711624.0,-0.004999999888241291,0.008493083529174328
18910782786305.0,-0.004999999888241291,0.0008054052595980465
18910782860191.0,-0.004999999888241291,0.007702201139181852
18910782935378.0,-0.004999999888241291,0.0018236316973343492
18910783010549.0,-0.004999999888241291,0.004285149276256561
18910783085083.0,-0.004999999888241291,0.0029321068432182074
18910783157898.0,-0.004999999888241291,0.0081210657954216
18910783233133.0,-0.004999999888241291,0.006179683841764927
18910783306951.0,-0.004999999888241291,0.0028652814216911793
18910783380974.0,-0.004999999888241291,0.007838607765734196
18910783455230.0,-0.004999999888241291,0.00799085944890976
18910783529769.0,-0.004999999888241291,0.005099454894661903
18910783602848.0,-0.004999999888241291,0.00489553390070796
18910783678151.0,-0.004999999888241291,0.004983715713024139
18910783750900.0,-0.004999999888241291,0.008359432220458984
18910783822557.0,-0.004999999888241291,0.006520700175315142
18910783898238.0,-0.004999999888241291,0.004319595173001289
18910783970889.0,-0.004999999888241291,0.0014653922989964485
18910784043171.0,-0.004999999888241291,0.004987160209566355
18910784120458.0,-0.004999999888241291,0.00889541395008564
18910784194991.0,-0.004999999888241291,0.009019419550895691
18910784268875.0,-0.004999999888241291,0.00820029154419899
18910784342246.0,-0.004999999888241291,0.008723871782422066
18910784415996.0,-0.004999999888241291,0.008468970656394958
18910784490433.0,-0.004999999888241291,0.0039365547709167
18910784564927.0,-0.004999999888241291,0.004233479965478182
18910784637393.0,-0.004999999888241291,0.00862535648047924
18910784711864.0,-0.004999999888241291,0.005452871322631836
18910784786815.0,-0.004999999888241291,0.007769026327878237
18910784859919.0,-0.004999999888241291,0.00772080197930336
18910784934386.0,-0.004999999888241291,0.003492200281471014
18910785010216.0,-0.004999999888241291,0.0029865317046642303
18910785083457.0,-0.004999999888241291,0.009033198468387127
18910785155832.0,-0.004999999888241291,0.005521074868738651
18910785231985.0,-0.004999999888241291,0.007317093666642904
18910785306471.0,-0.004999999888241291,0.0040633161552250385
18910785380385.0,-0.004999999888241291,0.008165845647454262
18910785453124.0,-0.004999999888241291,0.004108096472918987
18910785527016.0,-0.004999999888241291,0.003915886860340834
18910785602158.0,-0.004999999888241291,0.0067528667859733105
18910785676804.0,-0.004999999888241291,0.005142856854945421
18910785752104.0,-0.004999999888241291,0.005452182609587908
18910785825584.0,-0.004999999888241291,0.059583522379398346
18910785901065.0,-0.004999999888241291,0.027942033484578133
18910785974676.0,-0.004999999888241291,0.006494521163403988
18910786046603.0,-0.004999999888241291,0.002098511438816786
18910786123201.0,0.0,0.05546790361404419
18910786196129.0,-0.004999999888241291,0.0032965464051812887
18910786269072.0,-0.004999999888241291,0.0034860000014305115
18910786345716.0,-0.004999999888241291,0.003968934062868357
18910786421079.0,-0.004999999888241291,0.007488635368645191
18910786495255.0,-0.004999999888241291,0.21636489033699036
18910786571380.0,-0.004999999888241291,0.05752571299672127
18910786646731.0,-0.004999999888241291,0.000837095663882792
18910786721088.0,-0.004999999888241291,0.0084951501339674
18910786795865.0,-0.004999999888241291,0.3812452256679535
18910786867961.0,-0.004999999888241291,0.07841864228248596
18910786943087.0,-0.004999999888241291,0.006627483293414116
18910787018281.0,-0.004999999888241291,0.004205234348773956
18910787094058.0,-0.004999999888241291,0.023977288976311684
18910787169661.0,-0.004999999888241291,0.2245141565799713
18910787246260.0,-0.004999999888241291,0.6572104096412659
18910787319655.0,-0.004999999888241291,0.06337878853082657
18910787395776.0,-0.004999999888241291,0.02373134344816208
18910787471491.0,-0.004999999888241291,0.13763973116874695
18910787545140.0,-0.004999999888241291,0.4771810472011566
18910787617844.0,-0.004999999888241291,0.0035335354041308165
18910787693392.0,-0.004999999888241291,0.008347720839083195
18910787767204.0,-0.004999999888241291,0.033138569444417953
18910787841077.0,-0.004999999888241291,0.0034308861941099167
18910787918349.0,-0.004999999888241291,0.0030967590864747763
18910787992932.0,-0.004999999888241291,0.003172540571540594
18910788066378.0,-0.004999999888241291,0.007360496092587709
18910788141006.0,-0.004999999888241291,0.006935431156307459
18910788214558.0,-0.004999999888241291,0.005884136538952589
18910788289098.0,-0.004999999888241291,0.008197535760700703
18910788362887.0,-0.004999999888241291,0.006910630036145449
18910788434889.0,-0.004999999888241291,0.008240938186645508
18910788509501.0,-0.004999999888241291,0.006891340017318726
18910788584364.0,-0.004999999888241291,0.007797961123287678
18910788658807.0,-0.004999999888241291,0.007237867917865515
18910788731356.0,-0.004999999888241291,0.0036423851270228624
18910788807049.0,-0.004999999888241291,0.004448423627763987
18910788880388.0,-0.004999999888241291,0.005409469362348318
18910788954272.0,-0.004999999888241291,0.008829966187477112
18910789028668.0,-0.004999999888241291,0.008929170668125153
18910789104272.0,-0.004999999888241291,0.003935176879167557
18910789177420.0,-0.004999999888241291,0.008598488755524158
18910789252735.0,-0.004999999888241291,0.00387937412597239
18910789328520.0,-0.004999999888241291,0.008723871782422066
18910789403280.0,-0.004999999888241291,0.008555775508284569
18910789478526.0,-0.004999999888241291,0.008756940253078938
18910789551025.0,-0.004999999888241291,0.004356796853244305
18910789625894.0,-0.004999999888241291,0.008023927919566631
18910789700393.0,-0.004999999888241291,0.007323983125388622
18910789773419.0,-0.004999999888241291,0.00839801225811243
18910789846631.0,-0.004999999888241291,0.008592288009822369
18910789922665.0,-0.004999999888241291,0.008830655366182327
18910789995629.0,-0.004999999888241291,0.004414666444063187
18910790071412.0,-0.004999999888241291,0.005813866388052702
18910790148022.0,-0.004999999888241291,0.005279263481497765
18910790222460.0,-0.004999999888241291,0.008064573630690575
18910790296063.0,-0.004999999888241291,0.018422512337565422
18910790370532.0,-0.004999999888241291,0.0393967367708683
18910790445025.0,-0.004999999888241291,0.0026751388795673847
18910790518241.0,-0.004999999888241291,0.017641965299844742
18910790591973.0,-0.004999999888241291,0.01402994804084301
18910790664430.0,-0.004999999888241291,0.008503417484462261
18910790739582.0,-0.004999999888241291,0.008043906651437283
18910790815453.0,-0.004999999888241291,0.03208383172750473
18910790888688.0,-0.004999999888241291,0.008223026059567928
18910790963415.0,-0.004999999888241291,0.005631991196423769
18910791037844.0,-0.004999999888241291,0.00503951869904995
18910791112140.0,-0.004999999888241291,0.0071207513101398945
18910791185164.0,-0.004999999888241291,0.008510995656251907
18910791261402.0,-0.004999999888241291,0.009199917316436768
18910791335170.0,-0.004999999888241291,0.009087623097002506
18910791408182.0,-0.004999999888241291,0.006506921723484993
18910791485177.0,-0.004999999888241291,0.004309261217713356
18910791559752.0,-0.004999999888241291,0.002371324459090829
18910791634782.0,-0.004999999888241291,0.008639134466648102
18910791710857.0,-0.004999999888241291,0.009105535224080086
18910791783348.0,-0.004999999888241291,0.006114925257861614
18910791857328.0,-0.004999999888241291,0.009285343810915947
18910791931232.0,-0.004999999888241291,0.007014657370746136
18910792004387.0,-0.004999999888241291,0.0083601213991642
18910792078971.0,-0.004999999888241291,0.004480114206671715
18910792152949.0,-0.004999999888241291,0.008300185203552246
18910792226911.0,-0.004999999888241291,0.008898857980966568
18910792299849.0,-0.004999999888241291,0.006461453158408403
18910792373738.0,-0.004999999888241291,0.004394687712192535
18910792448185.0,-0.004999999888241291,0.04115968570113182
18910792522036.0,-0.004999999888241291,0.00756992818787694
18910792595944.0,-0.004999999888241291,0.0030285557731986046
18910792670201.0,-0.004999999888241291,0.0057008834555745125
18910792743841.0,-0.004999999888241291,0.006699130870401859
18910792818572.0,-0.004999999888241291,0.004427067004144192
18910792890653.0,-0.004999999888241291,0.004587586037814617
18910792965197.0,-0.004999999888241291,0.008498595096170902
18910793040972.0,-0.004999999888241291,0.005111166276037693
18910793114724.0,-0.004999999888241291,0.00807215180248022
18910793187559.0,-0.004999999888241291,0.0075037917122244835
18910793263056.0,-0.004999999888241291,0.005313709378242493
18910793336803.0,-0.004999999888241291,0.004060560837388039
18910793410917.0,-0.004999999888241291,0.009205428883433342
18910793487551.0,-0.004999999888241291,0.006139037664979696
18910793561118.0,-0.004999999888241291,0.004109473899006844
18910793634221.0,-0.004999999888241291,0.0069609214551746845
18910793707902.0,-0.004999999888241291,0.005724306683987379
18910793783415.0,-0.004999999888241291,0.004979582503437996
18910793858139.0,-0.004999999888241291,0.004540739115327597
18910793932497.0,-0.004999999888241291,0.004410532768815756
18910794005252.0,-0.004999999888241291,0.0038070373702794313
18910794078873.0,-0.004999999888241291,0.005629924591630697
18910794154615.0,-0.004999999888241291,0.009112424217164516
18910794228448.0,-0.004999999888241291,0.008997374214231968
18910794300965.0,-0.004999999888241291,0.03244069218635559
18910794375583.0,0.0,0.007510680705308914
18910794449551.0,0.0,0.003803592873737216
18910794523085.0,-0.004999999888241291,0.008944327011704445
18910794599111.0,0.0,0.005497651640325785
18910794673824.0,0.0,0.006802469491958618
18910794747846.0,0.0,0.004137719981372356
18910794821780.0,0.0,0.004370575305074453
18910794896625.0,0.0,0.007461078464984894
18910794971035.0,-0.004999999888241291,0.0057690865360200405
18910795047299.0,-0.004999999888241291,0.005656103603541851
18910795119833.0,0.0,0.002635870361700654
18910795195277.0,0.0,0.0035617812536656857
18910795270615.0,0.0,0.017172807827591896
18910795344048.0,-0.004999999888241291,0.05175048112869263
18910795419294.0,0.0,0.036486729979515076
18910795493529.0,0.0,0.0389317125082016
18910795567875.0,-0.004999999888241291,0.003673386527225375
18910795640753.0,0.0,0.021750694140791893
18910795716906.0,-0.004999999888241291,0.00259384629316628
18910795792174.0,-0.004999999888241291,0.0037932589184492826
18910795865935.0,0.0,0.008879568427801132
18910795940103.0,0.0,0.007774537894874811
18910796014704.0,0.0,0.0036933652590960264
18910796088144.0,0.0,0.008733517490327358
18910796162505.0,0.0,0.007269558496773243
18910796236691.0,0.0,0.00537502346560359
18910796311426.0,0.0,0.0015198171604424715
18910796386788.0,-0.004999999888241291,0.01851413957774639
18910796459971.0,0.0,0.008815499022603035
18910796532485.0,0.0,0.004217634908854961
18910796607372.0,0.0,0.008169978857040405
18910796681890.0,-0.004999999888241291,0.009002885781228542
18910796755148.0,0.0,0.008819632232189178
18910796831668.0,0.0,0.019789334386587143
18910796905118.0,-0.004999999888241291,0.02461109682917595
18910796978473.0,-0.004999999888241291,0.020049745216965675
18910797052833.0,-0.004999999888241291,0.000563593755941838
18910797127940.0,-0.004999999888241291,0.07625129818916321
18910797202608.0,-0.004999999888241291,0.01897985115647316
18910797277642.0,-0.004999999888241291,0.005447360221296549
18910797349133.0,-0.004999999888241291,0.00394551083445549
18910797423691.0,-0.004999999888241291,0.0030244223307818174
18910797499437.0,0.0,0.008706648834049702
18910797573243.0,-0.004999999888241291,0.03809398412704468
18910797648300.0,-0.004999999888241291,0.010015600360929966
18910797722836.0,-0.004999999888241291,0.05834759771823883
18910797796814.0,-0.004999999888241291,0.03513575345277786
18910797869970.0,-0.004999999888241291,0.05737483873963356
18910797946124.0,-0.004999999888241291,0.013935565017163754
18910798019214.0,-0.004999999888241291,0.005881380755454302
18910798092938.0,-0.004999999888241291,0.0005167470662854612
18910798166940.0,-0.004999999888241291,-0.0004580772656481713
18910798238862.0,-0.004999999888241291,0.0108450623229146
18910798313149.0,-0.004999999888241291,0.008079729974269867
18910798388128.0,-0.004999999888241291,0.038559697568416595
18910798459852.0,-0.004999999888241291,0.00014059575914870948
18910798533977.0,-0.004999999888241291,0.006335380487143993
18910798610364.0,-0.004999999888241291,0.0001936427433975041
18910798684845.0,-0.004999999888241291,0.002290720585733652
18910798757559.0,-0.004999999888241291,0.0023230998776853085
18910798831494.0,-0.004999999888241291,0.002438149880617857
18910798905628.0,-0.004999999888241291,0.007666377350687981
18910798979282.0,-0.004999999888241291,0.008661179803311825
18910799053452.0,-0.004999999888241291,0.003136027604341507
18910799128604.0,-0.004999999888241291,0.006667440757155418
18910799201871.0,-0.004999999888241291,0.0016679352847859263
18910799275790.0,-0.004999999888241291,0.009286032058298588
18910799350262.0,-0.004999999888241291,0.008428324945271015
18910799424963.0,-0.004999999888241291,0.002306565875187516
18910799500076.0,-0.004999999888241291,0.008634312078356743
18910799571548.0,-0.004999999888241291,0.006319534964859486
18910799645817.0,0.0,0.004190078005194664
18910799721439.0,-0.004999999888241291,0.0010747737251222134
18910799795223.0,-0.004999999888241291,0.008847189135849476
18910799868232.0,-0.004999999888241291,0.0017843630630522966
18910799943947.0,0.0,0.008889902383089066
18910800017993.0,0.0,0.007227533962577581
18910800091582.0,0.0,0.007953657768666744
18910800165681.0,0.0,0.009111735038459301
18910800239438.0,0.0,0.009135846979916096
18910800313355.0,-0.004999999888241291,0.0056037455797195435
18910800388220.0,0.0,0.005027117673307657
18910800460495.0,-0.004999999888241291,0.0075086141005158424
18910800535539.0,-0.004999999888241291,0.0066846637055277824
18910800610505.0,0.0,0.00868598185479641
18910800682881.0,0.0,0.004707458429038525
18910800757754.0,0.0,0.004134275484830141
18910800833275.0,0.0,0.008277450688183308
18910800907712.0,-0.004999999888241291,0.00782620720565319
18910800980139.0,-0.004999999888241291,0.003807726316154003
18910801055312.0,-0.004999999888241291,0.00923849642276764
18910801129997.0,-0.004999999888241291,0.009430705569684505
18910801204106.0,0.0,0.004325795453041792
18910801277765.0,-0.004999999888241291,0.004516626708209515
18910801352908.0,0.0,0.008914703503251076
18910801426505.0,0.0,0.005885514430701733
18910801500726.0,0.0,0.006720487494021654
18910801576295.0,0.0,0.005066386424005032
18910801651789.0,0.0,0.007413542829453945
18910801726885.0,0.0,0.008788630366325378
18910801799083.0,0.0,0.007870987057685852
18910801871954.0,-0.004999999888241291,0.009364569559693336
18910801947185.0,0.0,0.007034636102616787
18910802021570.0,-0.004999999888241291,0.004296171944588423
18910802094577.0,-0.004999999888241291,0.005159391090273857
18910802167569.0,0.0,0.00906695518642664
18910802242124.0,-0.004999999888241291,0.0056499033235013485
18910802316083.0,-0.004999999888241291,0.008132087998092175
18910802389930.0,-0.004999999888241291,0.00844072550535202
18910802461630.0,-0.004999999888241291,0.007361873984336853
18910802535561.0,-0.004999999888241291,0.006957476492971182
18910802610283.0,-0.004999999888241291,0.007255780044943094
18910802683084.0,-0.004999999888241291,0.009023552760481834
18910802758241.0,-0.004999999888241291,0.0037643243558704853
18910802833270.0,-0.004999999888241291,0.008676336146891117
18910802906473.0,-0.004999999888241291,0.0039027975872159004
18910802979311.0,-0.004999999888241291,0.005300619639456272
18910803056581.0,-0.004999999888241291,0.00874729547649622
18910803130820.0,-0.004999999888241291,0.00785583071410656
18910803203915.0,-0.004999999888241291,0.008493083529174328
18910803276938.0,-0.004999999888241291,0.008908502757549286
18910803351696.0,-0.004999999888241291,0.002766076708212495
18910803426110.0,-0.004999999888241291,0.007006390020251274
18910803500252.0,-0.004999999888241291,0.006132837384939194
18910803575423.0,-0.004999999888241291,0.008287095464766026
18910803650048.0,-0.004999999888241291,0.007535482291132212
18910803725238.0,-0.004999999888241291,0.008318786509335041
18910803797949.0,-0.004999999888241291,0.0058097331784665585
18910803872346.0,-0.004999999888241291,0.00753617100417614
18910803948314.0,-0.004999999888241291,0.00712419580668211
18910804021723.0,-0.004999999888241291,0.008891279809176922
18910804093996.0,-0.004999999888241291,0.007516880985349417
18910804169672.0,-0.004999999888241291,0.00901115220040083
18910804243944.0,-0.004999999888241291,0.008972573094069958
18910804317683.0,-0.004999999888241291,0.008344275876879692
18910804391572.0,-0.004999999888241291,0.03640337288379669
18910804467484.0,-0.004999999888241291,0.003471532603725791
18910804542343.0,-0.004999999888241291,0.003581071039661765
18910804617457.0,-0.004999999888241291,0.003926220815628767
18910804692513.0,-0.004999999888241291,0.008471038192510605
18910804767189.0,-0.004999999888241291,0.0031091596465557814
18910804842669.0,0.0,0.008513062261044979
18910804915194.0,0.0,0.008964994922280312
18910804989493.0,-0.004999999888241291,0.005908248946070671
18910805065213.0,-0.004999999888241291,0.004665433894842863
18910805138290.0,-0.004999999888241291,0.006114925257861614
18910805211285.0,0.0,0.008246449753642082
18910805287953.0,0.0,0.008441413752734661
18910805362437.0,0.0,0.005062941927462816
18910805435445.0,0.0,0.0044360230676829815
18910805509002.0,0.0,0.0056209685280919075
18910805582996.0,0.0,0.005608567968010902
18910805657639.0,0.0,0.005576188676059246
18910805732016.0,0.0,0.004557962063699961
18910805803855.0,0.0,0.006384982727468014
18910805877053.0,0.0,0.008703204803168774
18910805952603.0,0.0,0.0044580684043467045
18910806025826.0,-0.004999999888241291,0.0066777742467820644
18910806101026.0,-0.004999999888241291,0.007907499559223652
18910806175360.0,0.0,0.006953343283385038
18910806248195.0,0.0,0.006132837384939194
18910806320684.0,0.0,0.005033318419009447
18910806396603.0,-0.004999999888241291,0.006280266679823399
18910806471709.0,-0.004999999888241291,0.008568176068365574
18910806545355.0,-0.004999999888241291,0.006750800181180239
18910806618711.0,0.0,0.007012590300291777
18910806692642.0,0.0,0.009072466753423214
18910806767097.0,-0.004999999888241291,0.007974325679242611
18910806842318.0,0.0,0.007877876050770283
18910806918045.0,0.0,0.003836661111563444
18910806991819.0,0.0,0.007183442823588848
18910807067121.0,0.0,0.008243693970143795
18910807140237.0,-0.004999999888241291,0.008622600696980953
18910807214829.0,-0.004999999888241291,0.008546130731701851
18910807290617.0,0.0,0.0017767850076779723
18910807363538.0,0.0,0.007855141535401344
18910807436102.0,-0.004999999888241291,0.00866806972771883
18910807511655.0,-0.004999999888241291,0.00786271970719099
18910807586322.0,-0.004999999888241291,0.004023358691483736
18910807659849.0,-0.004999999888241291,0.008467593230307102
18910807733034.0,0.0,0.0038063484244048595
18910807807352.0,0.0,0.0039151981472969055
18910807882337.0,-0.004999999888241291,0.0031291383784264326
18910807956807.0,-0.004999999888241291,0.008732139132916927
18910808029571.0,-0.004999999888241291,0.0060598114505410194
18910808102910.0,-0.004999999888241291,0.005321287550032139
18910808178250.0,-0.004999999888241291,0.005251706577837467
18910808251753.0,0.0,0.004220390692353249
18910808324790.0,0.0,0.007971569895744324
18910808402296.0,0.0,0.009026997722685337
18910808475264.0,-0.004999999888241291,0.007104905787855387
18910808548259.0,-0.004999999888241291,0.008519262075424194
18910808623990.0,0.0,0.003782925195991993
18910808699048.0,0.0,0.00811486504971981
18910808773995.0,-0.004999999888241291,0.008091442286968231
18910808847163.0,0.0,0.008166534826159477
18910808921560.0,0.0,0.008622600696980953
18910808996232.0,-0.004999999888241291,0.018806930631399155
18910809071575.0,-0.004999999888241291,0.09640707820653915
18910809145804.0,-0.004999999888241291,0.041019145399332047
18910809219824.0,-0.004999999888241291,0.019805867224931717
18910809295112.0,0.0,0.022440994158387184
18910809368141.0,0.0,0.0042693037539720535
18910809443501.0,0.0,0.007390119601041079
18910809518935.0,0.0,0.00914755929261446
18910809592805.0,0.0,0.00872249435633421
18910809666452.0,-0.004999999888241291,0.0188089981675148
18910809741727.0,-0.004999999888241291,0.0013889219844713807
18910809816363.0,-0.004999999888241291,0.0045841410756111145
18910809889604.0,-0.004999999888241291,0.008876812644302845
18910809962687.0,0.0,0.0036265398375689983
18910810036695.0,-0.004999999888241291,0.007419743109494448
18910810111466.0,-0.004999999888241291,0.008475171402096748
18910810185841.0,-0.004999999888241291,0.0042589702643454075
18910810258689.0,-0.004999999888241291,0.008102464489638805
18910810331674.0,-0.004999999888241291,0.005395002197474241
18910810407212.0,-0.004999999888241291,0.0032937906216830015
18910810480023.0,-0.004999999888241291,0.0034487980883568525
18910810554845.0,-0.004999999888241291,0.005002316553145647
18910810630985.0,-0.004999999888241291,0.00722546735778451
18910810704078.0,-0.004999999888241291,0.005330932326614857
18910810776964.0,-0.004999999888241291,0.008916080929338932
18910810852192.0,-0.004999999888241291,0.008350476622581482
18910810926829.0,-0.004999999888241291,0.002659982768818736
18910811000808.0,-0.004999999888241291,0.006037077400833368
18910811074959.0,-0.004999999888241291,0.008014283142983913
18910811149612.0,-0.004999999888241291,0.009168226271867752
18910811224071.0,-0.004999999888241291,0.006972632836550474
18910811299152.0,-0.004999999888241291,0.007314338348805904
18910811373851.0,0.0,0.011456135660409927
18910811447466.0,0.0,0.00892021507024765
18910811522654.0,0.0,0.0072929817251861095
18910811595766.0,0.0,0.008789319545030594
18910811670571.0,-0.004999999888241291,0.004051604773849249
18910811745258.0,0.0,0.008099020458757877
18910811818899.0,0.0,0.008633623830974102
18910811891829.0,0.0,0.007429388351738453
18910811967546.0,0.0,0.00854475237429142
18910812041245.0,0.0,0.007373585365712643
18910812114759.0,0.0,0.008316718973219395
18910812188504.0,0.0,0.008558531291782856
18910812262712.0,0.0,0.00837803352624178
18910812337206.0,-0.004999999888241291,0.007671888452023268
18910812412712.0,0.0,0.006608193274587393
18910812486239.0,0.0,0.007876498624682426
18910812559577.0,0.0,0.004630987998098135
18910812635051.0,0.0,0.008663247339427471
18910812709002.0,-0.004999999888241291,0.008539929986000061
18910812784032.0,-0.004999999888241291,0.008951216004788876
18910812858650.0,-0.004999999888241291,0.009022175334393978
18910812932353.0,0.0,0.005952339619398117
18910813005171.0,0.0,0.008161023259162903
18910813081225.0,0.0,0.0035156235098838806
18910813156349.0,0.0,0.008859589695930481
18910813229913.0,0.0,0.004671634174883366
18910813303147.0,0.0,0.0087652076035738
18910813377150.0,0.0,0.006707398220896721
18910813451766.0,0.0,0.003928976599127054
18910813527215.0,0.0,0.007983281277120113
18910813599406.0,0.0,0.004146676044911146
18910813672883.0,0.0,0.007554083131253719
18910813748299.0,0.0,0.004265859257429838
18910813822009.0,0.0,0.009097267873585224
18910813894551.0,0.0,0.0038070373702794313
18910813969019.0,-0.004999999888241291,0.0028177457861602306
18910814043094.0,-0.004999999888241291,0.010207809507846832
18910814115985.0,0.0,0.00861915573477745
18910814189706.0,0.0,0.00889541395008564
18910814264678.0,0.0,0.004149431362748146
18910814338816.0,0.0,0.005426003597676754
18910814412080.0,0.0,0.007359806913882494
18910814483975.0,0.0,0.007189643569290638
18910814559185.0,0.0,0.008873368613421917
18910814634180.0,0.0,0.008559219539165497
18910814709068.0,0.0,0.005705705843865871
18910814783732.0,0.0,0.006353292148560286
18910814858959.0,0.0,0.015914149582386017
18910814932777.0,0.0,0.008011527359485626
18910815005887.0,0.0,0.02264629304409027
18910815083235.0,0.0,0.006757689174264669
18910815156444.0,0.0,0.005262040067464113
18910815229670.0,0.0,0.00454211700707674
18910815305803.0,0.0,0.009153070859611034
18910815380852.0,0.0,0.008949149399995804
18910815454903.0,0.0,0.008785875514149666
18910815528106.0,0.0,0.007835162803530693
18910815603201.0,0.0,0.0047797951847314835
18910815677890.0,0.0,0.004732259549200535
18910815753374.0,0.0,0.00877829734236002
18910815825783.0,-0.004999999888241291,0.008883701637387276
18910815899265.0,-0.004999999888241291,0.008165845647454262
18910815975229.0,-0.004999999888241291,0.008248516358435154
18910816048572.0,-0.009999999776482582,0.005517630372196436
18910816121013.0,-0.009999999776482582,0.008590221405029297
18910816195973.0,-0.009999999776482582,0.008973950520157814
18910816269771.0,-0.009999999776482582,0.007937812246382236
18910816343299.0,-0.009999999776482582,0.006399449892342091
18910816417260.0,-0.009999999776482582,0.007231667637825012
18910816492434.0,-0.009999999776482582,0.007784182671457529
18910816566932.0,-0.009999999776482582,0.00375330145470798
18910816641038.0,-0.009999999776482582,0.008687359280884266
18910816713707.0,-0.004999999888241291,0.0021040227729827166
18910816788409.0,-0.004999999888241291,0.014284159988164902
18910816863912.0,-0.004999999888241291,0.004854198545217514
18910816936388.0,-0.004999999888241291,0.008190646767616272
18910817010674.0,-0.009999999776482582,0.006157638505101204
18910817087097.0,-0.004999999888241291,0.005428070202469826
18910817161501.0,-0.004999999888241291,0.00678662396967411
18910817234450.0,-0.004999999888241291,0.01109031867235899
18910817309359.0,-0.004999999888241291,0.008485505357384682
18910817382875.0,-0.004999999888241291,0.003344770986586809
18910817456435.0,-0.004999999888241291,0.008536485023796558
18910817532718.0,-0.004999999888241291,0.008264360949397087
18910817606738.0,-0.004999999888241291,0.0085991770029068
18910817681035.0,-0.004999999888241291,0.006194840185344219
18910817754884.0,-0.004999999888241291,0.00889610219746828
18910817827841.0,-0.004999999888241291,0.004283771384507418
18910817902171.0,-0.004999999888241291,0.004448423627763987
18910817976975.0,0.0,0.0068630944006145
18910818050324.0,0.0,0.004166654776781797
18910818122180.0,-0.004999999888241291,0.006936120335012674
18910818196453.0,0.0,0.003959977999329567
18910818270106.0,0.0,0.006562035530805588
18910818342695.0,0.0,0.005404646974056959
18910818419959.0,-0.004999999888241291,0.00856955349445343
18910818494091.0,0.0,0.0019063022918999195
18910818567797.0,0.0,0.006557901855558157
18910818642279.0,0.0,0.004112918861210346
18910818715993.0,0.0,0.0057587530463933945
18910818790328.0,0.0,0.006584081333130598
18910818864460.0,0.0,0.004602053202688694
18910818937149.0,0.0,0.0071310847997665405
18910819012278.0,0.0,0.010218832641839981
18910819087563.0,0.0,0.007882698439061642
18910819160502.0,0.0,0.00711523974314332
18910819232139.0,0.0,0.008474482223391533
18910819307989.0,0.0,0.006895473692566156
18910819382618.0,0.0,0.009100711904466152
18910819455378.0,0.0,0.008533730171620846
18910819531323.0,0.0,0.009791011922061443
18910819605794.0,0.0,0.0008219393785111606
18910819679572.0,0.0,0.007296426221728325
18910819754257.0,0.0,0.004405710380524397
18910819828472.0,0.0,0.007672577630728483
18910819903449.0,0.0,0.007950901985168457
18910819978236.0,0.0,0.004650277551263571
18910820050529.0,0.0,0.006260287947952747
18910820125073.0,0.0,0.006123881321400404
18910820200420.0,0.0,0.007357051130384207
18910820273749.0,0.0,0.005182814318686724
18910820346160.0,0.0,0.008598488755524158
18910820421972.0,0.0,0.008226471021771431
18910820496906.0,0.0,0.0059068710543215275
18910820570265.0,0.0,0.008542685769498348
18910820643719.0,0.0,0.003661674913018942
18910820717728.0,0.0,0.00810797605663538
18910820792041.0,0.0,0.005839356686919928
18910820866337.0,0.0,0.013152261264622211
18910820938592.0,0.0,0.00447460263967514
18910821013701.0,-0.004999999888241291,0.006322290748357773
18910821088023.0,-0.004999999888241291,0.00827951729297638
18910821160682.0,0.0,0.0039951130747795105
18910821236386.0,0.0,0.003955844324082136
18910821312488.0,0.0,0.00508016487583518
18910821386632.0,0.0,0.007182065397500992
18910821458653.0,-0.004999999888241291,0.008980839513242245
18910821534133.0,0.0,0.022815078496932983
18910821608533.0,0.0,0.0049623590894043446
18910821682170.0,-0.004999999888241291,0.00877209659665823
18910821756053.0,-0.004999999888241291,0.00434852996841073
18910821829354.0,-0.004999999888241291,0.006531722843647003
18910821903548.0,-0.004999999888241291,0.010258790105581284
18910821978106.0,-0.004999999888241291,0.007018790580332279
18910822053099.0,-0.004999999888241291,0.002044086577370763
18910822128361.0,-0.004999999888241291,0.004139786586165428
18910822202744.0,-0.004999999888241291,0.005115988664329052
18910822275625.0,-0.004999999888241291,0.009410726837813854
18910822348142.0,-0.004999999888241291,0.0067528667859733105
18910822425347.0,-0.004999999888241291,0.0039661782793700695
18910822498831.0,-0.004999999888241291,0.007266802713274956
18910822570874.0,-0.004999999888241291,0.005893092602491379
18910822646956.0,-0.004999999888241291,0.002824635012075305
18910822721976.0,-0.004999999888241291,0.00915927067399025
18910822795739.0,-0.004999999888241291,0.005729129072278738
18910822869882.0,-0.004999999888241291,0.009199917316436768
18910822942935.0,-0.004999999888241291,0.007718735374510288
18910823017175.0,-0.004999999888241291,0.005734640639275312
18910823092193.0,-0.004999999888241291,0.00866186898201704
18910823165245.0,-0.004999999888241291,0.00463443249464035
18910823240542.0,-0.004999999888241291,0.005554142873734236
18910823315189.0,-0.004999999888241291,0.007168975658714771
18910823387996.0,-0.004999999888241291,0.009255031123757362
18910823460425.0,-0.004999999888241291,0.008712849579751492
18910823536863.0,-0.004999999888241291,0.00786271970719099
18910823611223.0,-0.004999999888241291,0.00681349216029048
18910823683682.0,-0.004999999888241291,0.0036079389974474907
18910823759816.0,-0.004999999888241291,0.007673955522477627
18910823834363.0,-0.004999999888241291,0.007184820715337992
18910823908285.0,-0.004999999888241291,0.008172734640538692
18910823982316.0,-0.004999999888241291,0.008939504623413086
18910824053617.0,-0.004999999888241291,0.009331501089036465
18910824127898.0,-0.004999999888241291,0.0057807983830571175
18910824202793.0,-0.004999999888241291,0.0076078190468251705
18910824275697.0,-0.004999999888241291,0.006312645971775055
18910824349950.0,-0.004999999888241291,0.005634057801216841
18910824426189.0,-0.004999999888241291,0.006515877787023783
18910824499973.0,-0.004999999888241291,0.012034141458570957
18910824572525.0,-0.004999999888241291,0.0050760312005877495
18910824647176.0,-0.004999999888241291,0.00609770230948925
18910824721374.0,-0.004999999888241291,0.007231667637825012
18910824793505.0,-0.004999999888241291,0.006035699509084225
18910824867070.0,-0.004999999888241291,0.00850823987275362
18910824943154.0,-0.004999999888241291,0.008036328479647636
18910825017242.0,-0.004999999888241291,0.006285777781158686
18910825092101.0,-0.004999999888241291,0.009056621231138706
18910825165618.0,-0.004999999888241291,0.004380909260362387
18910825240397.0,0.0,0.0069030518643558025
18910825316269.0,0.0,0.006076345685869455
18910825389265.0,0.0,0.006636439356952906
18910825463966.0,0.0,0.00639256089925766
18910825538800.0,0.0,0.00484593166038394
18910825612355.0,0.0,0.008430391550064087
18910825685653.0,0.0,0.009053865447640419
18910825762710.0,0.0,0.009573312476277351
18910825837016.0,0.0,0.007668443955481052
18910825909386.0,0.0,0.003982712514698505
18910825983391.0,-0.004999999888241291,0.007103527896106243
18910826057219.0,0.0,0.006143860053271055
18910826131773.0,0.0,0.0077318246476352215
18910826205905.0,0.0,0.008929859846830368
18910826277932.0,0.0,0.007961924187839031
18910826353369.0,0.0,0.00650967750698328
18910826428658.0,0.0,0.003958600107580423
18910826501605.0,0.0,0.007507925387471914
18910826576118.0,0.0,0.008957416750490665
18910826651203.0,0.0,0.007226845249533653
18910826725361.0,0.0,0.0055458759889006615
18910826798494.0,0.0,0.007751114666461945
18910826874390.0,0.0,0.008437969721853733
18910826948622.0,0.0,0.005636813584715128
18910827021629.0,0.0,0.006202418357133865
18910827095712.0,0.0,0.006751488894224167
18910827169854.0,0.0,0.004648899659514427
18910827244423.0,0.0,0.008376655168831348
18910827318961.0,0.0,0.016529355198144913
18910827393542.0,0.0,0.004670256283134222
18910827469259.0,0.0,0.0036892318166792393
18910827545032.0,0.0,0.007828273810446262
18910827618088.0,0.0,0.007485190872102976
18910827692520.0,0.0,0.006663307081907988
18910827767054.0,0.0,0.0070918165147304535
18910827840849.0,0.0,0.008708715438842773
18910827916303.0,0.0,0.008998751640319824
18910827992332.0,0.0,0.006381538230925798
18910828067289.0,0.0,0.007443166337907314
18910828140814.0,0.0,0.004885889124125242
18910828214766.0,0.0,0.00789854396134615
18910828288641.0,0.0,0.005687105003744364
18910828363166.0,0.0,0.008019105531275272
18910828438043.0,-0.004999999888241291,0.005131145007908344
18910828509606.0,-0.004999999888241291,0.006050855852663517
18910828583686.0,-0.004999999888241291,0.003808415262028575
18910828659077.0,-0.004999999888241291,0.008320853114128113
18910828731788.0,-0.004999999888241291,0.005238616839051247
18910828807211.0,-0.004999999888241291,0.008961549960076809
18910828882089.0,-0.004999999888241291,0.00888921320438385
18910829029028.0,-0.004999999888241291,0.00871147122234106
18910829105221.0,-0.004999999888241291,0.005256528966128826
18910829178669.0,-0.004999999888241291,0.006583392154425383
18910829252029.0,-0.004999999888241291,0.008562664501369
18910829329191.0,-0.004999999888241291,0.005191081203520298
18910829403564.0,-0.004999999888241291,0.006903740577399731
18910829476477.0,-0.004999999888241291,0.0036795868072658777
18910829551873.0,-0.004999999888241291,0.00538397952914238
18910829624073.0,-0.004999999888241291,0.008075596764683723
18910829698275.0,0.0,0.006584081333130598
18910829772942.0,0.0,0.008732139132916927
18910829846429.0,0.0,0.008301562629640102
18910829921864.0,0.0,0.004135652910917997
18910829995723.0,0.0,0.007682222407311201
18910830068851.0,0.0,0.007977080531418324
18910830142019.0,0.0,0.00893192645162344
18910830217619.0,-0.004999999888241291,0.0078020947985351086
18910830291347.0,-0.004999999888241291,0.0035087342839688063
18910830365178.0,0.0,0.00923849642276764
18910830439157.0,0.0,0.0033826616127043962
18910830513258.0,0.0,0.003615517169237137
18910830586982.0,-0.004999999888241291,0.001614199485629797
18910830661993.0,-0.004999999888241291,0.004644766449928284
18910830734152.0,-0.004999999888241291,0.005023673176765442
18910830808547.0,0.0,0.008979462087154388
18910830882693.0,0.0,0.008562664501369
18910830955821.0,-0.004999999888241291,0.003687164979055524
18910831030790.0,-0.004999999888241291,0.00952853262424469
18910831105390.0,0.0,0.005464583169668913
18910831180432.0,0.0,0.008030816912651062
18910831253734.0,0.0,0.004161143209785223
18910831327104.0,0.0,0.008557152934372425
18910831400681.0,0.0,0.004403643775731325
18910831474308.0,0.0,0.006376026663929224
18910831548131.0,0.0,0.0041742329485714436
18910831622606.0,0.0,0.008154822513461113
18910831697483.0,0.0,0.005726373288780451
18910831772502.0,0.0,0.008358054794371128
18910831844641.0,0.0,0.004622720647603273
18910831917254.0,0.0,0.0067549338564276695
18910831991680.0,0.0,0.005145612638443708
18910832065323.0,0.0,0.00443671178072691
18910832138489.0,0.0,0.003699565539136529
18910832213400.0,0.0,0.0032331657130271196
18910832287249.0,0.0,0.0036761423107236624
18910832360973.0,0.0,0.0032476328779011965
18910832434990.0,0.0,0.005389490630477667
18910832508719.0,0.0,0.006809358485043049
18910832582553.0,0.0,0.007550638169050217
18910832657140.0,0.0,0.0036162061151117086
18910832732040.0,0.0,0.008074907585978508
18910832807316.0,0.0,0.0045503838919103146
18910832882286.0,0.0,0.008554397150874138
18910832954363.0,0.0,0.0035838268231600523
18910833029991.0,0.0,0.004938935860991478
18910833105745.0,0.0,0.006351914256811142
18910833180304.0,0.0,0.0043388851918280125
18910833252652.0,0.0,0.008181690238416195
18910833327575.0,0.0,0.008208558894693851
18910833401681.0,0.0,0.007645709440112114
18910833475556.0,0.0,0.008706648834049702
18910833549145.0,0.0,0.005410847254097462
18910833623884.0,0.0,0.008809298276901245
18910833697640.0,0.0,0.005835223011672497
18910833772492.0,0.0,0.008513062261044979
18910833845481.0,0.0,0.008861656300723553
18910833920704.0,0.0,0.008313274942338467
18910833996295.0,0.0,0.007573372684419155
18910834068399.0,0.0,0.006109414156526327
18910834140696.0,0.0,0.00823680404573679
18910834216823.0,0.0,0.008621911518275738
18910834292273.0,0.0,0.00752721494063735
18910834365665.0,0.0,0.004924468696117401
18910834441686.0,0.0,0.005446671042591333
18910834516677.0,0.0,0.005625102203339338
18910834590751.0,0.0,0.007799339015036821
18910834664374.0,0.0,0.0036754533648490906
18910834739420.0,0.0,0.007256468757987022
18910834813292.0,0.0,0.006493143271654844
18910834887930.0,0.0,0.00828089565038681
18910834960449.0,0.0,0.007899921387434006
18910835034563.0,0.0,0.0082560945302248
18910835110040.0,0.0,0.008532351814210415
18910835182480.0,0.0,0.0035783154889941216
18910835257925.0,0.0,0.0031766740139573812
18910835334464.0,0.0,0.004159765318036079
18910835409225.0,0.0,0.008338076062500477
18910835481823.0,0.0,0.005588589236140251
18910835556404.0,0.0,0.008189268410205841
18910835629716.0,0.0,0.00787374284118414
18910835704214.0,0.0,0.008792075328528881
18910835781303.0,0.0,0.008236115798354149
18910835855277.0,0.0,0.005919271614402533
18910835929256.0,0.0,0.009054554626345634
18910836004705.0,-0.004999999888241291,0.008627423085272312
18910836077547.0,0.0,0.008629489690065384
18910836151250.0,-0.004999999888241291,0.008042528294026852
18910836226162.0,0.0,0.00889541395008564
18910836298590.0,0.0,0.004490447696298361
18910836371097.0,0.0,0.0032386770471930504
18910836447241.0,0.0,0.007915766909718513
18910836521120.0,0.0,0.006805224809795618
18910836593614.0,0.0,0.00888232421129942
18910836669307.0,0.0,0.005731196142733097
18910836744112.0,0.0,0.008592977188527584
18910836817925.0,0.0,0.006160394288599491
18910836892006.0,0.0,0.008762451820075512
18910836966190.0,0.0,0.007624352816492319
18910837040056.0,0.0,0.008818254806101322
18910837115564.0,0.0,0.003471532603725791
18910837188316.0,0.0,0.007210311014205217
18910837262663.0,0.0,0.005443226546049118
18910837337674.0,0.0,0.009007708169519901
18910837410022.0,0.0,0.006359492428600788
18910837482667.0,0.0,0.004064694046974182
18910837557456.0,0.0,0.015797032043337822
18910837632154.0,0.0,0.005309575702995062
18910837705195.0,0.0,0.0084951501339674
18910837777955.0,0.0,0.004832153208553791
18910837851924.0,0.0,0.005810421891510487
18910837926917.0,0.0,0.007429388351738453
18910838001275.0,0.0,0.0033482154831290245
18910838073462.0,0.0,0.0074817463755607605
18910838147774.0,0.0,0.00827951729297638
18910838222994.0,0.0,0.003367505269125104
18910838296507.0,0.0,0.005587900057435036
18910838370688.0,0.0,0.005297864321619272
18910838446971.0,-0.004999999888241291,0.009018042124807835
18910838520483.0,0.0,0.018551340326666832
18910838592999.0,-0.004999999888241291,0.0042472584173083305
18910838667952.0,-0.004999999888241291,0.020442431792616844
18910838742027.0,0.0,0.007370140869170427
18910838815318.0,0.0,0.008019105531275272
18910838888308.0,0.0,0.008232670836150646
18910838963899.0,0.0,0.00781931821256876
18910839038403.0,0.0,0.008097642101347446
18910839112561.0,0.0,0.0041432310827076435
18910839185409.0,0.0,0.005087743047624826
18910839259502.0,0.0,0.008288473822176456
18910839335652.0,0.0,0.008987040258944035
18910839408397.0,0.0,0.00497475964948535
18910839484311.0,0.0,0.012104411609470844
18910839560560.0,-0.004999999888241291,0.004702635575085878
18910839633712.0,-0.004999999888241291,0.008774852380156517
18910839707112.0,-0.004999999888241291,0.007151063531637192
18910839782685.0,0.0,0.008065951988101006
18910839857435.0,-0.004999999888241291,0.00874247308820486
18910839931862.0,-0.004999999888241291,0.004362308420240879
18910840006160.0,0.0,0.005520385690033436
18910840078416.0,-0.004999999888241291,0.007746292278170586
18910840153132.0,-0.004999999888241291,0.004660611506551504
18910840228177.0,-0.004999999888241291,0.0068279593251645565
18910840300764.0,0.0,0.003927598707377911
18910840373782.0,0.0,0.004554517567157745
18910840450075.0,-0.004999999888241291,0.008939504623413086
18910840523718.0,0.0,0.007323293946683407
18910840597045.0,0.0,0.00542049203068018
18910840673859.0,-0.004999999888241291,0.00887750182300806
18910840747784.0,-0.004999999888241291,0.00830431841313839
18910840822058.0,-0.004999999888241291,0.008874746039509773
18910840895507.0,-0.004999999888241291,0.007259913254529238
18910840970886.0,-0.004999999888241291,0.0040378263220191
18910841044947.0,-0.004999999888241291,0.008355988189578056
18910841119470.0,-0.004999999888241291,0.00476050516590476
18910841191901.0,-0.004999999888241291,0.00378705863840878
18910841266926.0,-0.004999999888241291,0.008823077194392681
18910841342982.0,-0.004999999888241291,0.004509737715125084
18910841416146.0,-0.004999999888241291,0.00513458950445056
18910841488553.0,-0.004999999888241291,0.008152066729962826
18910841564174.0,-0.004999999888241291,0.006845871452242136
18910841638569.0,-0.004999999888241291,0.00928809866309166
18910841711532.0,-0.004999999888241291,0.006798335816711187
18910841784519.0,-0.004999999888241291,0.007055992726236582
18910841858377.0,-0.004999999888241291,0.008610889315605164
18910841932022.0,-0.004999999888241291,0.0076470873318612576
18910842005876.0,-0.004999999888241291,0.006082545965909958
18910842082409.0,-0.004999999888241291,0.00682038115337491
18910842157564.0,-0.004999999888241291,0.003443286754190922
18910842231610.0,-0.004999999888241291,0.009003574028611183
18910842304103.0,-0.004999999888241291,0.009353546425700188
18910842379523.0,-0.004999999888241291,0.007722868584096432
18910842454821.0,-0.004999999888241291,0.007607129868119955
18910842528353.0,-0.004999999888241291,0.007613330148160458
18910842600495.0,-0.004999999888241291,0.004684034734964371
18910842676431.0,-0.004999999888241291,0.0059020486660301685
18910842750988.0,-0.004999999888241291,0.006025365553796291
18910842823880.0,-0.004999999888241291,0.005075342487543821
18910842897464.0,-0.004999999888241291,0.009247452951967716
18910842971199.0,-0.004999999888241291,0.007636753376573324
18910843045482.0,-0.004999999888241291,0.004069516435265541
18910843119418.0,-0.004999999888241291,0.006956099066883326
18910843194988.0,-0.004999999888241291,0.00800257083028555
18910843269203.0,-0.004999999888241291,0.007426632568240166
18910843343116.0,-0.004999999888241291,0.004083984065800905
18910843415625.0,-0.004999999888241291,0.006159705109894276
18910843491195.0,-0.004999999888241291,0.004958225879818201
18910843566604.0,-0.004999999888241291,0.005734640639275312
18910843640482.0,-0.004999999888241291,0.004980271216481924
18910843712274.0,-0.004999999888241291,0.006026743445545435
18910843787778.0,-0.004999999888241291,0.009164782240986824
18910843862798.0,-0.004999999888241291,0.009191649965941906
18910843937057.0,-0.004999999888241291,0.008404901251196861
18910844011097.0,-0.004999999888241291,0.005965429358184338
18910844084106.0,-0.004999999888241291,0.008956038393080235
18910844158784.0,-0.004999999888241291,0.004163209814578295
18910844233529.0,-0.004999999888241291,0.009244697168469429
18910844306044.0,-0.004999999888241291,0.00807835254818201
18910844381492.0,-0.004999999888241291,0.004804596304893494
18910844456014.0,-0.004999999888241291,0.005709839519113302
18910844529576.0,-0.004999999888241291,0.005655414424836636
18910844604466.0,-0.004999999888241291,0.007983281277120113
18910844680843.0,-0.004999999888241291,0.006277510896325111
18910844754686.0,-0.004999999888241291,0.007107661571353674
18910844826714.0,-0.004999999888241291,0.0057401517406105995
18910844903397.0,-0.004999999888241291,0.0067618228495121
18910844977765.0,-0.004999999888241291,0.008883701637387276
18910845051734.0,-0.004999999888241291,0.002513242419809103
18910845126253.0,-0.004999999888241291,0.005587900057435036
18910845199666.0,-0.004999999888241291,0.0075788842514157295
18910845274456.0,-0.004999999888241291,0.006280955392867327
18910845348724.0,-0.004999999888241291,0.00848894938826561
18910845421757.0,-0.004999999888241291,0.005707772448658943
18910845495129.0,-0.004999999888241291,0.005704327952116728
18910845569871.0,-0.004999999888241291,0.007906122133135796
18910845643122.0,-0.004999999888241291,0.00894363783299923
18910845718273.0,-0.004999999888241291,0.005883447825908661
18910845794531.0,-0.004999999888241291,0.0063581145368516445
18910845868760.0,-0.004999999888241291,0.006553079467266798
18910845940324.0,-0.004999999888241291,0.008997374214231968
18910846015591.0,-0.004999999888241291,0.007270247209817171
18910846090698.0,-0.004999999888241291,0.002883193315938115
18910846165144.0,-0.004999999888241291,0.006381538230925798
18910846238595.0,-0.004999999888241291,0.008710093796253204
18910846311839.0,-0.004999999888241291,0.004401576705276966
18910846385774.0,-0.004999999888241291,0.007532037328928709
18910846461100.0,-0.004999999888241291,0.009383169934153557
18910846533639.0,-0.004999999888241291,0.00625753216445446
18910846607676.0,-0.004999999888241291,0.005328865721821785
18910846683517.0,-0.004999999888241291,0.005856579635292292
18910846756941.0,-0.004999999888241291,0.0058607133105397224
18910846829576.0,-0.004999999888241291,0.004718481097370386
18910846905555.0,-0.004999999888241291,0.006553079467266798
18910846979516.0,-0.004999999888241291,0.009020796976983547
18910847052183.0,-0.004999999888241291,0.007127640303224325
18910847126011.0,-0.004999999888241291,0.004158387426286936
18910847201602.0,-0.004999999888241291,0.004949269816279411
18910847275688.0,0.0,0.00507327588275075
18910847349850.0,0.0,0.00904215406626463
18910847423763.0,0.0,0.007137285079807043
18910847498950.0,0.0,0.0028260129038244486
18910847574554.0,0.0,0.004519382491707802
18910847647736.0,0.0,0.0086666913703084
18910847722455.0,0.0,0.007058748044073582
18910847797251.0,0.0,0.007186887785792351
18910847870808.0,-0.004999999888241291,0.004587586037814617
18910847944246.0,0.0,0.005381912458688021
18910848019963.0,0.0,0.00470194686204195
18910848094456.0,0.0,0.0052840858697891235
18910848167761.0,0.0,0.008947082795202732
18910848241499.0,0.0,0.007707712706178427
18910848316122.0,0.0,0.00597162963822484
18910848390203.0,0.0,0.005677460227161646
18910848464934.0,0.0,0.0047508603893220425
18910848537027.0,0.0,0.007134529761970043
18910848612447.0,0.0,0.008429013192653656
18910848687335.0,0.0,0.007481057196855545
18910848760063.0,0.0,0.009673895314335823
18910848834360.0,-0.004999999888241291,0.004717791918665171
18910848910104.0,0.0,0.0063429586589336395
18910848984540.0,-0.004999999888241291,0.0047171032056212425
18910849057357.0,-0.004999999888241291,0.004566229414194822
18910849132511.0,-0.004999999888241291,0.008972573094069958
18910849206847.0,-0.004999999888241291,0.006911318749189377
18910849279722.0,-0.004999999888241291,0.005709839519113302
18910849355249.0,-0.004999999888241291,0.042643625289201736
18910849430511.0,-0.004999999888241291,0.00813897792249918
18910849505763.0,-0.004999999888241291,0.008845122531056404
18910849579734.0,-0.004999999888241291,0.00554656470194459
18910849651665.0,-0.004999999888241291,0.003769835690036416
18910849726651.0,-0.004999999888241291,0.004481491632759571
18910849802354.0,-0.004999999888241291,0.00673702172935009
18910849875212.0,-0.004999999888241291,0.008871990256011486
18910849947037.0,-0.004999999888241291,0.008816187269985676
18910850096845.0,-0.004999999888241291,0.007799339015036821
18910850170087.0,0.0,0.0043271733447909355
18910850245725.0,0.0,0.0034115964081138372
18910850319106.0,0.0,0.006190706975758076
18910850392274.0,0.0,0.008240938186645508
18910850469782.0,0.0,0.0069588543847203255
18910850544254.0,0.0,0.0023520346730947495
18910850617667.0,-0.004999999888241291,0.0034570652060210705
18910850692537.0,-0.004999999888241291,0.015261051245033741
18910850766625.0,-0.004999999888241291,0.008405590429902077
18910850840935.0,-0.004999999888241291,0.005743596702814102
18910850916146.0,-0.004999999888241291,0.006276822183281183
18910850989602.0,-0.004999999888241291,0.0036120726726949215
18910851064621.0,-0.004999999888241291,0.005428070202469826
18910851138905.0,-0.004999999888241291,0.008486882783472538
18910851213014.0,-0.004999999888241291,0.004708835855126381
18910851286506.0,-0.004999999888241291,0.005194525700062513
18910851362508.0,-0.004999999888241291,0.00454211700707674
18910851436185.0,-0.004999999888241291,0.008752117864787579
18910851509317.0,-0.004999999888241291,0.01879039779305458
18910851583897.0,-0.004999999888241291,0.004623409826308489
18910851658428.0,-0.004999999888241291,0.0036430740728974342
18910851731984.0,-0.004999999888241291,0.004623409826308489
18910851807600.0,-0.004999999888241291,0.003891774918884039
18910851879955.0,-0.004999999888241291,0.008925037458539009
18910851953969.0,-0.004999999888241291,0.00857575424015522
18910852028655.0,-0.004999999888241291,0.0067769791930913925
18910852102279.0,-0.004999999888241291,0.008976017124950886
18910852177322.0,-0.004999999888241291,0.006805224809795618
18910852251776.0,-0.004999999888241291,0.006630927789956331
18910852326076.0,-0.004999999888241291,0.006184506695717573
18910852399068.0,-0.004999999888241291,0.00500851683318615
18910852475313.0,-0.004999999888241291,0.006957476492971182
18910852549070.0,0.0,0.004654411226511002
18910852622306.0,-0.004999999888241291,0.007501725107431412
18910852696425.0,-0.004999999888241291,0.005056052468717098
18910852771001.0,-0.004999999888241291,0.007808295078575611
18910852845189.0,0.0,0.005779420491307974
18910852920020.0,-0.004999999888241291,0.011105475015938282
18910852994855.0,-0.004999999888241291,0.008692181669175625
18910853069496.0,-0.004999999888241291,0.003875240683555603
18910853144558.0,0.0,0.0039393105544149876
18910853218248.0,0.0,0.00887130107730627
18910853291074.0,0.0,0.007305382285267115
18910853366562.0,0.0,0.005898604169487953
18910853439072.0,0.0,0.03642335161566734
18910853512924.0,0.0,0.008118999190628529
18910853589251.0,0.0,0.0065930369310081005
18910853663245.0,0.0,0.009306010790169239
18910853735883.0,0.0,0.009652538225054741
18910853809598.0,0.0,0.011935625225305557
18910853883493.0,0.0,0.008482060395181179
18910853957699.0,0.0,0.009195094928145409
18910854031936.0,0.0,0.00990399532020092
18910854104094.0,0.0,0.009706963784992695
18910854179080.0,-0.004999999888241291,0.006760444957762957
18910854254658.0,0.0,0.008272628299891949
18910854328445.0,-0.004999999888241291,0.004084672778844833
18910854400836.0,-0.004999999888241291,0.005114610772579908
18910854476630.0,-0.004999999888241291,0.007234423421323299
18910854550624.0,-0.004999999888241291,0.005001627840101719
18910854623954.0,-0.004999999888241291,0.07430095970630646
18910854700249.0,-0.004999999888241291,0.01963914930820465
18910854774747.0,0.0,0.004496647976338863
18910854848431.0,0.0,0.004329929128289223
18910854922778.0,0.0,0.004929979797452688
18910854997542.0,0.0,0.035749584436416626
18910855072517.0,0.0,0.12652535736560822
18910855148291.0,0.0,0.005867602303624153
18910855221320.0,0.0,0.005244817119091749
18910855295802.0,0.0,0.008847878314554691
18910855371056.0,0.0,0.008737650699913502
18910855444425.0,0.0,0.00347635499201715
18910855519480.0,0.0,0.008904369547963142
18910855593390.0,0.0,0.03441445529460907
18910855667851.0,0.0,0.008467593230307102
18910855740651.0,0.0,0.007284714374691248
18910855816529.0,0.0,0.00476050516590476
18910855891206.0,0.0,0.007563038729131222
18910855964276.0,0.0,0.002821879228577018
18910856038324.0,0.0,0.003058868460357189
18910856113105.0,0.0,0.008147244341671467
18910856187902.0,0.0,0.008657735772430897
18910856262119.0,0.0,0.004349907860159874
18910856333934.0,0.0,0.014427455142140388
18910856407631.0,0.0,0.004716414026916027
18910856483605.0,0.0,0.07357345521450043
18910856556863.0,0.0,0.002333433832973242
18910856628893.0,0.0,0.007289537228643894
18910856704255.0,0.0,0.0049857827834784985
18910856778753.0,0.0,0.0035548920277506113
18910856851928.0,-0.004999999888241291,0.005144234746694565
18910856928258.0,0.0,0.0049230908043682575
18910857001878.0,0.0,0.005428070202469826
18910857074791.0,0.0,0.004495959263294935
18910857148939.0,0.0,0.007494835648685694
18910857223659.0,0.0,0.004586896859109402
18910857298093.0,0.0,0.004364375025033951
18910857372667.0,0.0,0.005178680643439293
18910857444238.0,0.0,0.008577131666243076
18910857518581.0,0.0,0.006317468360066414
18910857594416.0,0.0,0.006479364819824696
18910857669058.0,0.0,0.008849944919347763
18910857742362.0,0.0,0.0047680833376944065
18910857817215.0,-0.004999999888241291,0.005235172342509031
18910857891627.0,-0.004999999888241291,0.006165905389934778
18910857964807.0,-0.004999999888241291,0.004044715315103531
18910858040753.0,-0.004999999888241291,0.008568864315748215
18910858114479.0,-0.004999999888241291,0.008880257606506348
18910858188323.0,-0.004999999888241291,0.003459820756688714
18910858262328.0,-0.004999999888241291,0.009057999588549137
18910858334838.0,-0.004999999888241291,0.005847623571753502
18910858409491.0,-0.004999999888241291,0.0038476837798953056
18910858484512.0,-0.004999999888241291,0.0027378308586776257
18910858556497.0,-0.004999999888241291,0.004086739849299192
18910858631828.0,-0.004999999888241291,0.003673386527225375
18910858707490.0,-0.004999999888241291,0.0039269099943339825
18910858781231.0,-0.004999999888241291,0.004126697313040495
18910858854298.0,-0.004999999888241291,0.010208498686552048
18910858928662.0,-0.004999999888241291,0.003619650611653924
18910859003424.0,-0.004999999888241291,0.005771842319518328
18910859077635.0,-0.004999999888241291,0.08965908735990524
18910859152146.0,-0.004999999888241291,0.0032813900616019964
18910859227618.0,-0.004999999888241291,0.004936869256198406
18910859300741.0,-0.004999999888241291,0.005028495565056801
18910859375193.0,-0.004999999888241291,0.010823016986250877
18910859450160.0,-0.004999999888241291,0.0045572733506560326
18910859524697.0,-0.004999999888241291,0.023282166570425034
18910859600099.0,-0.004999999888241291,0.0038993528578430414
18910859672276.0,-0.004999999888241291,0.013956922106444836
18910859746791.0,-0.004999999888241291,0.0043898653239011765
18910859822834.0,0.0,0.007952279411256313
18910859896981.0,0.0,0.007375652436167002
18910859970356.0,-0.004999999888241291,0.003724366892129183
18910860045443.0,-0.004999999888241291,0.0081885801628232
18910860120362.0,-0.004999999888241291,0.006614393554627895
18910860193943.0,0.0,0.008953971788287163
18910860270447.0,0.0,0.004862465430051088
18910860344617.0,0.0,0.004055049270391464
18910860418623.0,0.0,0.004008202813565731
18910860492460.0,0.0,0.004072272218763828
18910860566841.0,-0.004999999888241291,0.005446671042591333
18910860641565.0,-0.004999999888241291,0.008493083529174328
18910860716837.0,0.0,0.005058119539171457
18910860789191.0,0.0,0.008522707037627697
18910860864259.0,-0.004999999888241291,0.003506667446345091
18910860940496.0,-0.004999999888241291,0.006207240745425224
18910861013519.0,-0.004999999888241291,0.0023699465673416853
18910861086058.0,0.0,0.006797646638005972
18910861160563.0,-0.004999999888241291,0.011136475950479507
18910861235288.0,-0.004999999888241291,0.004320973064750433
18910861308532.0,0.0,0.003731945063918829
18910861382475.0,0.0,0.004867287818342447
18910861456332.0,0.0,0.014742981642484665
18910861529480.0,0.0,0.0053130206651985645
18910861603795.0,0.0,0.005842112470418215
18910861678592.0,0.0,0.007844807580113411
18910861753327.0,-0.004999999888241291,0.008733517490327358
18910861828823.0,-0.004999999888241291,0.004716414026916027
18910861900920.0,0.0,0.008056307211518288
18910861975381.0,-0.004999999888241291,0.008554397150874138
18910862050179.0,-0.004999999888241291,0.008842366747558117
18910862123961.0,0.0,0.005736018531024456
18910862199391.0,0.0,0.003969622775912285
18910862274185.0,-0.004999999888241291,0.008522017858922482
18910862348628.0,-0.004999999888241291,0.008998751640319824
18910862421955.0,-0.004999999888241291,0.00823818240314722
18910862498252.0,-0.004999999888241291,0.0072640469297766685
18910862572400.0,0.0,0.019568879157304764
18910862646242.0,0.0,0.0030285557731986046
18910862720061.0,-0.004999999888241291,0.011979027651250362
18910862794170.0,-0.004999999888241291,0.008923659101128578
18910862867756.0,0.0,0.011162655428051949
18910862943276.0,0.0,0.008247138001024723
18910863015274.0,-0.004999999888241291,0.003287590341642499
18910863089629.0,-0.004999999888241291,0.008586088195443153
18910863165347.0,-0.004999999888241291,0.00484868697822094
18910863239063.0,-0.004999999888241291,0.006438718643039465
18910863311877.0,-0.004999999888241291,0.004723992198705673
18910863386465.0,-0.004999999888241291,0.004519382491707802
18910863460891.0,-0.004999999888241291,0.0046302988193929195
18910863534399.0,-0.004999999888241291,0.005913760047405958
18910863608473.0,-0.004999999888241291,0.02459249645471573
18910863681939.0,-0.004999999888241291,0.01647217571735382
18910863755720.0,-0.004999999888241291,0.004914134740829468
18910863831286.0,-0.004999999888241291,0.024406487122178078
18910863904463.0,-0.004999999888241291,0.012286286801099777
18910863979629.0,-0.004999999888241291,0.05612444505095482
18910864054489.0,-0.004999999888241291,0.009457574225962162
18910864126222.0,-0.004999999888241291,0.007215133402496576
18910864201040.0,-0.004999999888241291,0.021318739280104637
18910864276826.0,-0.004999999888241291,0.003594849491491914
18910864351255.0,-0.004999999888241291,0.08464580774307251
18910864423671.0,-0.004999999888241291,0.021319428458809853
18910864499391.0,-0.004999999888241291,0.005132522899657488
18910864573948.0,-0.004999999888241291,0.015960995107889175
18910864647489.0,-0.004999999888241291,0.02073797956109047
18910864721346.0,-0.004999999888241291,0.005656103603541851
18910864795334.0,-0.004999999888241291,0.00449527008458972
18910864868901.0,-0.004999999888241291,0.0032586557790637016
18910864943172.0,-0.004999999888241291,0.009451373480260372
18910865018515.0,-0.004999999888241291,0.005741529632359743
18910865092224.0,-0.004999999888241291,0.005856579635292292
18910865167318.0,-0.004999999888241291,0.0034949558321386576
18910865239522.0,-0.004999999888241291,0.03058473765850067
18910865311955.0,-0.004999999888241291,0.007711157202720642
18910865388858.0,-0.004999999888241291,0.008817565627396107
18910865462566.0,-0.004999999888241291,0.0042879050597548485
18910865535710.0,-0.004999999888241291,0.026777755469083786
18910865610796.0,-0.004999999888241291,0.007162775378674269
18910865685746.0,-0.004999999888241291,0.006564102601259947
18910865759718.0,-0.004999999888241291,0.07041405886411667
18910865833576.0,-0.004999999888241291,0.009242630563676357
18910865908921.0,-0.004999999888241291,0.008679091930389404
18910865982149.0,-0.004999999888241291,0.00522414967417717
18910866056747.0,-0.004999999888241291,0.006461453158408403
18910866132266.0,-0.004999999888241291,0.0069147637113928795
18910866207396.0,-0.004999999888241291,0.0038807520177215338
18910866283483.0,-0.004999999888241291,0.006047410890460014
18910866356143.0,-0.004999999888241291,0.005247572902590036
18910866428002.0,-0.004999999888241291,0.006316779647022486
18910866503923.0,-0.009999999776482582,0.004404332488775253
18910866578192.0,-0.009999999776482582,0.004728814586997032
18910866650718.0,-0.004999999888241291,0.008821009658277035
18910866726082.0,-0.009999999776482582,0.0069250972010195255
18910866800639.0,-0.004999999888241291,0.0068396711722016335
18910866874180.0,-0.004999999888241291,0.006252709776163101
18910866948257.0,-0.009999999776482582,0.005806977394968271
18910867022148.0,-0.009999999776482582,0.008724560961127281
18910867096076.0,-0.004999999888241291,0.008708715438842773
18910867171437.0,-0.004999999888241291,0.008399389684200287
18910867245661.0,-0.004999999888241291,0.008979462087154388
18910867319636.0,-0.004999999888241291,0.004682656843215227
18910867394549.0,-0.004999999888241291,0.009365946985781193
18910867466821.0,-0.004999999888241291,0.00882789958268404
18910867541505.0,-0.004999999888241291,0.003421241184696555
18910867616278.0,-0.004999999888241291,0.0042011006735265255
18910867691053.0,-0.004999999888241291,0.004939625039696693
18910867763946.0,-0.004999999888241291,0.008535796776413918
18910867839449.0,-0.004999999888241291,0.008639823645353317
18910867913835.0,-0.004999999888241291,0.013781246729195118
18910867987882.0,-0.004999999888241291,0.003968934062868357
18910868061769.0,-0.004999999888241291,0.014488769695162773
18910868137150.0,-0.004999999888241291,0.004764638841152191
18910868211251.0,-0.004999999888241291,0.009702829644083977
18910868286312.0,-0.004999999888241291,0.006061189342290163
18910868359215.0,-0.004999999888241291,0.004917579237371683
18910868433178.0,-0.004999999888241291,0.005517630372196436
18910868509207.0,-0.004999999888241291,0.009010463953018188
18910868581463.0,-0.004999999888241291,0.006051544565707445
18910868656861.0,-0.004999999888241291,0.006517255678772926
18910868733077.0,-0.004999999888241291,0.0040578050538897514
18910868807981.0,-0.004999999888241291,0.0058386679738759995
18910868881251.0,0.0,0.005630613304674625
18910868956118.0,-0.004999999888241291,0.008589532226324081
18910869030164.0,-0.004999999888241291,0.0076636215671896935
18910869103480.0,-0.004999999888241291,0.008557152934372425
18910869177665.0,-0.004999999888241291,0.006092879921197891
18910869252022.0,-0.004999999888241291,0.006787313148379326
18910869325910.0,-0.004999999888241291,0.007137285079807043
18910869400032.0,-0.004999999888241291,0.009153070859611034
18910869472605.0,-0.004999999888241291,0.005524519365280867
18910869547160.0,-0.004999999888241291,0.008713538758456707
18910869622392.0,0.0,0.00642631808295846
18910869694791.0,0.0,0.007255780044943094
18910869769639.0,0.0,0.007720113266259432
18910869845882.0,0.0,0.0057063945569098
18910869920808.0,-0.004999999888241291,0.008932615630328655
18910869994172.0,0.0,0.007648465223610401
18910870069116.0,0.0,0.0034315751399844885
18910870142592.0,0.0,0.016623737290501595
18910870216933.0,0.0,0.00375192379578948
18910870293278.0,0.0,0.003366127610206604
18910870367515.0,0.0,0.00885132234543562
18910870442039.0,0.0,0.0054149809293448925
18910870516341.0,0.0,0.0035569588653743267
18910870591309.0,0.0,0.003866973565891385
18910870665271.0,0.0,0.00943759549409151
18910870741720.0,0.0,0.03437380865216255
18910870814225.0,0.0,0.005671259947121143
18910870889053.0,0.0,0.008632934652268887
18910870964087.0,0.0,0.006683285813778639
18910871038264.0,0.0,0.00752721494063735
18910871113872.0,0.0,0.005027806852012873
18910871188146.0,0.0,0.008936748839914799
18910871262398.0,0.0,0.0022080501075834036
18910871336108.0,0.0,0.008984284475445747
18910871412528.0,0.0,0.00876038521528244
18910871486647.0,0.0,0.0066509065218269825
18910871561166.0,0.0,0.016372282058000565
18910871635032.0,0.0,0.0058538238517940044
18910871709391.0,-0.004999999888241291,0.008774163201451302
18910871783855.0,0.0,0.00788683257997036
18910871858665.0,0.0,0.008393189869821072
18910871934293.0,0.0,0.0051049659959971905
18910872008409.0,0.0,0.005179369822144508
18910872082987.0,0.0,0.00433268491178751
18910872156406.0,-0.004999999888241291,0.008184446021914482
18910872231445.0,-0.004999999888241291,0.008280206471681595
18910872306851.0,0.0,0.00898152869194746
18910872381032.0,0.0,0.006593726109713316
18910872454679.0,-0.004999999888241291,0.004176299553364515
18910872530485.0,-0.004999999888241291,0.006511744111776352
18910872604704.0,-0.004999999888241291,0.007444544229656458
18910872677517.0,-0.004999999888241291,0.008881635032594204
18910872751330.0,-0.004999999888241291,0.007306070998311043
18910872825961.0,-0.004999999888241291,0.029046375304460526
18910872898992.0,0.0,0.004377464763820171
18910872974017.0,-0.004999999888241291,0.0046351212076842785
18910873046426.0,-0.004999999888241291,0.008419368416070938
18910873121170.0,0.0,0.00555069837719202
18910873195562.0,0.0,0.000883253407664597
18910873271182.0,0.0,0.004489758983254433
18910873346723.0,0.0,0.0077097793109714985
18910873420383.0,0.0,0.0037140329368412495
18910873494408.0,0.0,0.008014971390366554
18910873567477.0,0.0,0.007753181271255016
18910873643316.0,0.0,0.00854475237429142
18910873716678.0,0.0,0.004152876324951649
18910873790223.0,0.0,0.0027109629008919
18910873866380.0,0.0,0.008701137267053127
18910873941692.0,-0.004999999888241291,0.008454503491520882
18910874016013.0,0.0,0.005014028400182724
18910874090023.0,0.0,0.008958105929195881
18910874161680.0,0.0,0.007449367083609104
18910874235161.0,0.0,0.00037827377673238516
18910874310253.0,0.0,0.008565420284867287
18910874382971.0,0.0,0.008978084661066532
18910874457296.0,-0.004999999888241291,0.006692241877317429
18910874531484.0,0.0,0.0008922094129957259
18910874606075.0,0.0,0.009108290076255798
18910874681524.0,-0.004999999888241291,0.003459132043644786
18910874756773.0,-0.004999999888241291,0.0017251158133149147
18910874831122.0,-0.004999999888241291,0.0034577541518956423
18910874904383.0,0.0,0.0017719625029712915
18910874978338.0,0.0,0.003711277386173606
18910875052420.0,0.0,0.00846552662551403
18910875127247.0,0.0,0.0015273953322321177
18910875202170.0,0.0,0.0015542632900178432
18910875276230.0,-0.004999999888241291,0.0464140921831131
18910875349510.0,-0.004999999888241291,0.00663575017824769
18910875425891.0,-0.004999999888241291,0.008143111132085323
18910875498385.0,0.0,0.005170413758605719
18910875572667.0,-0.004999999888241291,0.0024271272122859955
18910875647568.0,-0.004999999888241291,0.007616085931658745
18910875721550.0,-0.004999999888241291,0.002425749320536852
18910875793960.0,0.0,0.003156006336212158
18910875869245.0,-0.004999999888241291,0.0074700345285236835
18910875944234.0,-0.004999999888241291,0.009227474220097065
18910876016808.0,-0.004999999888241291,0.007839985191822052
18910876092711.0,-0.004999999888241291,0.004888644441962242
18910876167067.0,0.0,0.008695626631379128
18910876241266.0,0.0,0.008403523825109005
18910876315821.0,0.0,0.006212752312421799
18910876387886.0,-0.004999999888241291,0.007970880717039108
18910876462831.0,0.0,0.009028375148773193
18910876538371.0,0.0,0.008437280543148518
18910876611278.0,-0.004999999888241291,0.008189268410205841
18910876686480.0,-0.004999999888241291,0.0046013640239834785
18910876760839.0,-0.004999999888241291,0.004112229682505131
18910876835228.0,-0.004999999888241291,0.00017710862448439002
18910876910623.0,-0.004999999888241291,0.007128329481929541
18910876987200.0,0.0,0.007671888452023268
18910877061413.0,0.0,0.008993929252028465
18910877133960.0,0.0,0.008048729039728642
18910877207608.0,0.0,0.0015618413453921676
18910877281890.0,0.0,0.00836632214486599
18910877355837.0,0.0,0.001891834894195199
18910877432666.0,0.0,0.0034239969681948423
18910877506767.0,0.0,0.0022686750162392855
18910877581068.0,-0.004999999888241291,0.008817565627396107
18910877655926.0,0.0,0.0056960610672831535
18910877728483.0,0.0,0.006348469760268927
18910877802530.0,0.0,0.0034115964081138372
18910877876049.0,0.0,0.0028611477464437485
18910877949377.0,0.0,0.007881321012973785
18910878024218.0,0.0,0.007361873984336853
18910878099749.0,0.0,0.0046082534827291965
18910878174546.0,0.0,0.006767334416508675
18910878247878.0,0.0,0.0053109535947442055
18910878324505.0,0.0,0.00975725520402193
18910878399427.0,0.0,0.007053925655782223
18910878473517.0,0.0,0.004422244615852833
18910878548156.0,-0.004999999888241291,0.006579258479177952
18910878622409.0,0.0,0.007713223807513714
18910878695593.0,0.0,0.008823765441775322
18910878770594.0,-0.004999999888241291,0.002534598810598254
18910878843224.0,-0.004999999888241291,0.0016920475754886866
18910878917221.0,-0.004999999888241291,0.00223147333599627
18910878991823.0,0.0,0.006421495694667101
18910879065395.0,0.0,0.09518768638372421
18910879138604.0,0.0,0.07060007005929947
18910879213994.0,0.0,0.0912112295627594
18910879288408.0,0.0,0.18499553203582764
18910879360747.0,0.0,0.029383258894085884
18910879436414.0,0.0,0.0045841410756111145
18910879510296.0,0.0,0.17048752307891846
18910879584671.0,0.0,0.08550558239221573
18910879658826.0,0.0,0.35818806290626526
18910879730283.0,0.0,0.02913731336593628
18910879805128.0,0.0,0.007871676236391068
18910879880876.0,0.0,0.007990170270204544
18910879953817.0,0.0,0.04975605383515358
18910880028034.0,0.0,0.006523455958813429
18910880102057.0,0.0,0.007162086665630341
18910880176059.0,0.0,0.2638061046600342
18910880248493.0,0.0,0.010984913446009159
18910880324665.0,-0.004999999888241291,0.0037939478643238544
18910880398451.0,0.0,0.0031008925288915634
18910880471122.0,-0.004999999888241291,0.0052889082580804825
18910880545215.0,-0.004999999888241291,0.0036974989343434572
18910880620811.0,-0.004999999888241291,0.005783554166555405
18910880694760.0,0.0,0.005340577103197575
18910880768699.0,-0.004999999888241291,0.006894095800817013
18910880843122.0,-0.004999999888241291,0.006099080201238394
18910880916625.0,0.0,0.0064497413113713264
18910880991670.0,-0.004999999888241291,0.008606755174696445
18910881064214.0,0.0,0.0070580593310296535
18910881139850.0,0.0,0.0449177548289299
18910881215737.0,0.0,0.018476249650120735
18910881289146.0,-0.004999999888241291,0.011752372607588768
18910881364294.0,0.0,0.009063510224223137
18910881440079.0,0.0,0.006010209210216999
18910881514236.0,0.0,0.15750616788864136
18910881587676.0,0.0,0.0038531951140612364
18910881660693.0,0.0,0.04434732720255852
18910881735652.0,0.0,0.08533404022455215
18910881810334.0,0.0,0.02120989002287388
18910881884626.0,0.0,0.004622031934559345
18910881956679.0,0.0,0.021032148972153664
18910882031185.0,0.0,0.38436776399612427
18910882106497.0,0.0,0.002828768454492092
18910882179435.0,0.0,0.022920483723282814
18910882251788.0,0.0,0.003937932662665844
18910882327748.0,0.0,0.0022672973573207855
18910882401524.0,0.0,0.0020117072854191065
18910882474191.0,0.0,0.06273946911096573
18910882549737.0,0.0,0.0362132303416729
18910882624521.0,0.0,0.14421893656253815
18910882698078.0,0.0,0.00767533341422677
18910882771868.0,-0.004999999888241291,0.09362108260393143
18910882843950.0,-0.004999999888241291,0.030295390635728836
18910882918258.0,0.0,0.004711591638624668
18910882992801.0,0.0,0.007948835380375385
18910883064489.0,0.0,0.008228537626564503
18910883140575.0,0.0,0.005419114604592323
18910883216262.0,0.0,0.006671573966741562
18910883289505.0,0.0,0.009186138398945332
18910883362374.0,0.0,0.00472674798220396
18910883436364.0,0.0,0.006050855852663517
18910883510833.0,0.0,0.0029658640269190073
18910883584650.0,0.0,0.0084276357665658
18910883658256.0,-0.004999999888241291,0.0072805811651051044
18910883733007.0,-0.004999999888241291,0.012126456946134567
18910883806081.0,-0.004999999888241291,0.028428412973880768
18910883881300.0,-0.004999999888241291,0.013499477878212929
18910883956123.0,-0.004999999888241291,0.0050491634756326675
18910884030477.0,0.0,0.24105240404605865
18910884105976.0,-0.004999999888241291,0.00890092458575964
18910884177764.0,-0.004999999888241291,0.004054360557347536
18910884252155.0,-0.004999999888241291,0.004007513634860516
18910884327828.0,0.0,0.08001349866390228
18910884401398.0,0.0,0.030590249225497246
18910884473527.0,-0.004999999888241291,0.12463633716106415
18910884549309.0,-0.004999999888241291,0.0070918165147304535
18910884623582.0,-0.004999999888241291,0.33330073952674866
18910884696871.0,-0.004999999888241291,0.11722009629011154
18910884773037.0,-0.004999999888241291,0.008862345479428768
18910884848603.0,-0.004999999888241291,0.004704013466835022
18910884922885.0,-0.004999999888241291,0.009716608561575413
18910884997337.0,-0.004999999888241291,0.036572158336639404
18910885071335.0,-0.004999999888241291,0.005014028400182724
18910885146154.0,-0.004999999888241291,0.004158387426286936
18910885221786.0,-0.004999999888241291,0.00419765617698431
18910885294147.0,-0.004999999888241291,0.018343286588788033
18910885368969.0,0.0,0.004808040801435709
18910885446250.0,0.0,0.006061189342290163
18910885519839.0,0.0,0.009144803509116173
18910885595981.0,-0.004999999888241291,0.0020888664294034243
18910885670868.0,-0.004999999888241291,0.008457259275019169
18910885745545.0,-0.004999999888241291,0.05023898556828499
18910885818795.0,-0.004999999888241291,0.008278139866888523
18910885892757.0,-0.004999999888241291,0.03621805086731911
18910885966489.0,-0.004999999888241291,0.008889902383089066
18910886039987.0,-0.004999999888241291,0.0065248338505625725
18910886116615.0,-0.004999999888241291,0.008952594362199306
18910886191518.0,-0.004999999888241291,0.004549695178866386
18910886266709.0,-0.004999999888241291,0.004457379691302776
18910886341928.0,-0.004999999888241291,0.00406262744218111
18910886414389.0,0.0,0.006142482161521912
18910886488634.0,-0.004999999888241291,0.008805165067315102
18910886562872.0,-0.004999999888241291,0.007024990860372782
18910886635983.0,-0.004999999888241291,0.008631556294858456
18910886710605.0,-0.004999999888241291,0.0060377661138772964
18910886785172.0,0.0,0.009334256872534752
18910886860261.0,0.0,0.005314398091286421
18910886933021.0,0.0,0.007483123801648617
18910887006717.0,-0.004999999888241291,0.004540739115327597
18910887080030.0,-0.004999999888241291,0.007858586497604847
18910887153378.0,-0.004999999888241291,0.004628232214599848
18910887227398.0,0.0,0.00683829328045249
18910887301673.0,-0.004999999888241291,0.006239620037376881
18910887374967.0,-0.004999999888241291,0.0067039537243545055
18910887449740.0,-0.004999999888241291,0.005095321219414473
18910887521964.0,-0.004999999888241291,0.006110102869570255
18910887596407.0,-0.004999999888241291,0.013097147457301617
18910887671826.0,-0.004999999888241291,0.005106343887746334
18910887745729.0,-0.004999999888241291,0.004469780251383781
18910887818399.0,-0.004999999888241291,0.0029321068432182074
18910887893314.0,-0.004999999888241291,0.004059182945638895
18910887968291.0,-0.004999999888241291,0.005142167676240206
18910888041937.0,-0.004999999888241291,0.004732259549200535
18910888115615.0,-0.004999999888241291,0.00888232421129942
18910888189138.0,-0.004999999888241291,0.008392500691115856
18910888262409.0,-0.004999999888241291,0.0029190173372626305
18910888336806.0,-0.004999999888241291,0.0028432358521968126
18910888412533.0,-0.004999999888241291,0.0028384134639054537
18910888487952.0,-0.004999999888241291,0.021373163908720016
18910888564130.0,-0.004999999888241291,0.0030450900085270405
18910888636770.0,-0.004999999888241291,0.006618527229875326
18910888711017.0,-0.004999999888241291,0.0106735210865736
18910888786120.0,-0.004999999888241291,0.005059497430920601
18910888860371.0,0.0,0.007253712974488735
18910888933471.0,0.0,0.005257217679172754
18910889007709.0,-0.004999999888241291,0.0057642641477286816
18910889082270.0,-0.004999999888241291,0.0031684068962931633
18910889155498.0,0.0,0.008697004057466984
18910889229480.0,-0.004999999888241291,0.007618841715157032
18910889304695.0,-0.004999999888241291,0.0063870493322610855
18910889378301.0,-0.004999999888241291,0.006001253146678209
18910889452522.0,0.0,0.006124570500105619
18910889526900.0,-0.004999999888241291,0.0036423851270228624
18910889600901.0,0.0,0.008614333346486092
18910889675874.0,-0.004999999888241291,0.008967061527073383
18910889748128.0,0.0,0.007575439754873514
18910889823984.0,0.0,0.008801720105111599
18910889899604.0,0.0,0.006935431156307459
18910889973030.0,0.0,0.006143860053271055
18910890048470.0,0.0,0.005007138941437006
18910890122846.0,-0.004999999888241291,0.0068520717322826385
18910890197317.0,-0.004999999888241291,0.00884649995714426
18910890270848.0,0.0,0.0067039537243545055
18910890345089.0,-0.004999999888241291,0.008910570293664932
18910890420034.0,-0.004999999888241291,0.003766390960663557
18910890493647.0,-0.004999999888241291,0.0070291245356202126
18910890567733.0,-0.004999999888241291,0.008859589695930481
18910890642685.0,-0.004999999888241291,0.005391557700932026
18910890716409.0,0.0,0.004676456563174725
18910890790918.0,0.0,0.00896292831748724
18910890863717.0,0.0,0.0078020947985351086
18910890937885.0,-0.004999999888241291,0.007482435088604689
18910891014332.0,0.0,0.006515877787023783
18910891088459.0,0.0,0.006390494294464588
18910891161610.0,0.0,0.005217949394136667
18910891236426.0,0.0,0.008353921584784985
18910891310603.0,0.0,0.009205428883433342
18910891384096.0,0.0,0.00640840595588088
18910891460857.0,0.0,0.007034636102616787
18910891535012.0,0.0,0.009046287275850773
18910891608810.0,0.0,0.008307763375341892
18910891682886.0,0.0,0.0029403739608824253
18910891757868.0,0.0,0.005973007529973984
18910891831602.0,0.0,0.006244442891329527
18910891907308.0,0.0,0.007349473424255848
18910891980687.0,0.0,0.007555461023002863
18910892055571.0,0.0,0.0061128586530685425
18910892131476.0,0.0,0.005748419091105461
18910892204837.0,0.0,0.005395690910518169
18910892277939.0,0.0,0.008243693970143795
18910892352278.0,0.0,0.008934682235121727
18910892426975.0,0.0,0.006766645237803459
18910892500238.0,0.0,0.008816187269985676
18910892576282.0,0.0,0.004640632774680853
18910892650043.0,0.0,0.005132522899657488
18910892723216.0,0.0,0.007291603833436966
18910892797276.0,0.0,0.0037395230028778315
18910892871693.0,0.0,0.00840972363948822
18910892945886.0,-0.004999999888241291,0.008277450688183308
18910893020371.0,0.0,0.006043966393917799
18910893095189.0,0.0,0.00625753216445446
18910893169664.0,0.0,0.0029913540929555893
18910893245414.0,0.0,0.008145177736878395
18910893319028.0,0.0,0.008989106863737106
18910893391270.0,0.0,0.008309140801429749
18910893465720.0,0.0,0.006372582167387009
18910893539752.0,0.0,0.008744539692997932
18910893613516.0,0.0,0.00810797605663538
18910893687424.0,0.0,0.0038697293493896723
18910893762950.0,0.0,0.005957162473350763
18910893836155.0,0.0,0.0046199653297662735
18910893910731.0,0.0,0.008104531094431877
18910893985079.0,0.0,0.009019419550895691
18910894058510.0,0.0,0.006670196540653706
18910894134102.0,0.0,0.004064694046974182
18910894206861.0,0.0,0.006734265945851803
18910894280815.0,0.0,0.003388172946870327
18910894357258.0,0.0,0.032463427633047104
18910894430622.0,0.0,0.006430451758205891
18910894503469.0,0.0,0.007044969592243433
18910894577781.0,0.0,0.006840359885245562
18910894652336.0,0.0,0.004556584171950817
18910894725711.0,0.0,0.004840420093387365
18910894801407.0,0.0,0.003770524635910988
18910894874877.0,0.0,0.004801151342689991
18910894948304.0,0.0,0.004098451230674982
18910895022411.0,0.0,0.008189268410205841
18910895097065.0,0.0,0.008815499022603035
18910895171674.0,0.0,0.005723617970943451
18910895246581.0,0.0,0.008240938186645508
18910895318872.0,0.0,0.0041211857460439205
18910895393589.0,0.0,0.0051752361468970776
18910895469906.0,-0.004999999888241291,0.003432953031733632
18910895544167.0,0.0,0.007174487225711346
18910895616895.0,0.0,0.008823077194392681
18910895691434.0,0.0,0.024334151297807693
18910895766319.0,0.0,0.008940193802118301
18910895839828.0,0.0,0.01542639173567295
18910895916879.0,0.0,0.01134935300797224
18910895990992.0,0.0,0.008059062995016575
18910896064991.0,0.0,0.014323428273200989
18910896139242.0,0.0,0.004211434628814459
18910896213673.0,0.0,0.005782864987850189
18910896288807.0,0.0,0.012284220196306705
18910896363529.0,0.0,0.00882789958268404
18910896438388.0,0.0,0.008415235206484795
18910896512829.0,0.0,0.007555461023002863
18910896589403.0,0.0,0.006830715108662844
18910896662883.0,-0.004999999888241291,0.0051559461280703545
18910896735578.0,0.0,0.004838353488594294
18910896811608.0,-0.004999999888241291,0.008909881114959717
18910896885852.0,-0.004999999888241291,0.0024725960101932287
18910896959273.0,-0.004999999888241291,0.003767079906538129
18910897035101.0,0.0,0.004202478565275669
18910897108810.0,0.0,0.009124824777245522
18910897182546.0,0.0,0.005702261347323656
18910897256595.0,0.0,0.005576188676059246
18910897331052.0,0.0,0.0030154662672430277
18910897404715.0,0.0,0.007213755510747433
18910897479630.0,0.0,0.007364629302173853
18910897551542.0,0.0,0.01312539353966713
18910897625764.0,0.0,0.008672202937304974
18910897702016.0,-0.004999999888241291,0.01640259474515915
18910897777694.0,-0.004999999888241291,0.004374020267277956
18910897852624.0,0.0,0.0028184347320348024
18910897927048.0,0.0,0.001135398750193417
18910898000913.0,0.0,0.004215567838400602
18910898073949.0,-0.004999999888241291,0.008886457420885563
18910898149384.0,-0.004999999888241291,0.003623095341026783
18910898223143.0,-0.004999999888241291,0.0010072593577206135
18910898296314.0,-0.004999999888241291,0.008646712638437748
18910898370342.0,-0.004999999888241291,0.008984973654150963
18910898444424.0,-0.004999999888241291,0.007420432288199663
18910898519552.0,-0.004999999888241291,0.0028521919157356024
18910898593884.0,-0.004999999888241291,0.0005904616555199027
18910898668641.0,-0.004999999888241291,0.007226156070828438
18910898743213.0,-0.004999999888241291,0.004557962063699961
18910898818822.0,-0.004999999888241291,0.007168975658714771
18910898891516.0,-0.004999999888241291,0.00901115220040083
18910898965978.0,-0.004999999888241291,0.0010203488636761904
18910899040533.0,-0.004999999888241291,0.008417990989983082
18910899114738.0,-0.004999999888241291,0.008713538758456707
18910899190202.0,-0.004999999888241291,0.006091502029448748
18910899266108.0,-0.004999999888241291,0.006511744111776352
18910899339812.0,-0.004999999888241291,0.0058221337385475636
18910899413148.0,0.0,0.007752492558211088
18910899487313.0,0.0,0.00893192645162344
18910899561386.0,-0.004999999888241291,0.006329868920147419
18910899635547.0,-0.004999999888241291,0.00743489945307374
18910899710025.0,0.0,0.007449367083609104
18910899784305.0,0.0,0.004486314486712217
18910899858530.0,0.0,0.006357425823807716
18910899934565.0,0.0,0.004279637709259987
18910900010067.0,0.0,0.006378782447427511
18910900084591.0,0.0,0.007510680705308914
18910900159661.0,0.0,0.003787747584283352
18910900233062.0,0.0,0.005324732046574354
18910900306503.0,0.0,0.008250582963228226
18910900382410.0,0.0,0.008504794910550117
18910900455493.0,0.0,0.0018188091926276684
18910900527951.0,0.0,0.0070387693122029305
18910900605227.0,0.0,0.008663247339427471
18910900679292.0,0.0,0.00476946122944355
18910900753024.0,0.0,0.008863034658133984
18910900827214.0,0.0,0.009081422351300716
18910900900843.0,0.0,0.0034288193564862013
18910900973861.0,-0.004999999888241291,0.0023816581815481186
18910901048421.0,-0.004999999888241291,0.007182065397500992
18910901121273.0,-0.004999999888241291,0.008227159269154072
18910901195105.0,0.0,0.006884451024234295
18910901269303.0,-0.004999999888241291,0.00495409220457077
18910901343078.0,-0.004999999888241291,0.008916770108044147
18910901415959.0,-0.004999999888241291,0.006913385819643736
18910901492691.0,-0.004999999888241291,0.005975763313472271
18910901567105.0,0.0,0.00575324147939682
18910901639517.0,0.0,0.010209876112639904
18910901715273.0,0.0,0.0062272194772958755
18910901789089.0,0.0,0.004152187146246433
18910901863616.0,0.0,0.0069829667918384075
18910901938468.0,0.0,0.035102687776088715
18910902012662.0,0.0,0.0045620957389473915
18910902085599.0,0.0,0.004638566169887781
18910902162135.0,0.0,0.002386480802670121
18910902235012.0,0.0,0.009135158732533455
18910902308708.0,0.0,0.0036754533648490906
18910902383797.0,0.0,0.008099708706140518
18910902457684.0,0.0,0.008138288743793964
18910902532883.0,0.0,0.007915766909718513
18910902607838.0,0.0,0.006545501295477152
18910902682435.0,0.0,0.007510680705308914
18910902754656.0,0.0,0.012119567953050137
18910902831012.0,0.0,0.006659173406660557
18910902905493.0,0.0,0.010844373144209385
18910902979950.0,0.0,0.0037036992143839598
18910903053875.0,0.0,0.00490448996424675
18910903127535.0,0.0,0.008478616364300251
18910903200828.0,0.0,0.008559908717870712
18910903276101.0,0.0,0.0017974525690078735
18910903351634.0,0.0,0.0027770993765443563
18910903426084.0,0.0,0.002610380295664072
18910903501645.0,0.0,0.004258281085640192
18910903575245.0,0.0,0.008779674768447876
18910903650955.0,0.0,0.005984719377011061
18910903727503.0,0.0,0.0026537824887782335
18910903801947.0,0.0,0.008847878314554691
18910903873807.0,0.0,0.008220270276069641
18910903949302.0,0.0,0.004770839121192694
18910904023123.0,0.0,0.0024229935370385647
18910904096827.0,0.0,0.002757809590548277
18910904173029.0,0.0,0.005295108538120985
18910904246970.0,0.0,0.006047410890460014
18910904321507.0,0.0,0.0031043372582644224
18910904395782.0,0.0,0.008774163201451302
18910904468306.0,0.0,0.00450835982337594
18910904543115.0,0.0,0.0016872251871973276
18910904617993.0,0.0,0.006988478358834982
18910904693418.0,0.0,0.009023552760481834
18910904769468.0,0.0,0.0010782183380797505
18910904844420.0,0.0,0.005829022731631994
18910904918185.0,0.0,0.0014901935355737805
18910904993203.0,0.0,0.008840988390147686
18910905068681.0,0.0,0.00904904305934906
18910905141716.0,0.0,0.00900564156472683
18910905214806.0,0.0,0.004033003933727741
18910905290958.0,0.0,0.0069147637113928795
18910905364140.0,0.0,0.004975448828190565
18910905438007.0,0.0,0.0045620957389473915
18910905512317.0,0.0,0.002950707683339715
18910905584551.0,0.0,0.003631362458691001
18910905658077.0,0.0,0.00814448855817318
18910905732562.0,0.0,0.0036554746329784393
18910905805387.0,0.0,0.0028556364122778177
18910905880585.0,0.0,0.005747729912400246
18910905955043.0,0.0,0.00354386935941875
18910906028549.0,0.0,0.007513436488807201
18910906100647.0,0.0,0.009084867313504219
18910906175841.0,0.0,0.005189703311771154
18910906250232.0,0.0,0.0026889173313975334
18910906324134.0,0.0,0.008907814510166645
18910906400807.0,0.0,0.01661064848303795
18910906474367.0,0.0,0.008956038393080235
18910906548420.0,0.0,0.005332310218364
18910906623379.0,0.0,0.0037801694124937057
18910906697675.0,0.0,0.003964800387620926
18910906771289.0,0.0,0.012262863107025623
18910906845883.0,0.0,0.007759381551295519
18910906920838.0,0.0,0.007834474556148052
18910906995200.0,0.0,0.014944835565984249
18910907070696.0,0.0,0.0031367165502160788
18910907144291.0,0.0,0.010535736568272114
18910907216230.0,0.0,0.0036010497715324163
18910907291491.0,0.0,0.003047845559194684
18910907366690.0,0.0,0.011687614023685455
18910907439995.0,0.0,0.04370180889964104
18910907513588.0,0.0,0.00886441208422184
18910907586559.0,0.0,0.02386154979467392
18910907660584.0,-0.004999999888241291,0.13912780582904816
18910907734920.0,-0.004999999888241291,0.053814489394426346
18910907809927.0,-0.004999999888241291,0.05379795655608177
18910907885375.0,0.0,0.4152083992958069
18910907960288.0,0.0,0.08148296922445297
18910908033424.0,0.0,0.04982563480734825
18910908107481.0,0.0,0.2201298475265503
18910908182715.0,0.0,0.17845629155635834
18910908255877.0,0.0,0.006501410622149706
18910908330096.0,0.0,0.026698529720306396
18910908407122.0,0.0,0.0032345433719456196
18910908481702.0,0.0,0.028316807001829147
18910908555042.0,0.0,0.006476609501987696
18910908628380.0,0.0,0.004938935860991478
18910908702886.0,0.0,0.0031911414116621017
18910908776794.0,0.0,0.01129975076764822
18910908853170.0,-0.004999999888241291,0.0023775247391313314
18910908927816.0,-0.004999999888241291,0.04409036040306091
18910909002712.0,0.0,0.05743063986301422
18910909076756.0,0.0,0.005419114604592323
18910909150074.0,0.0,0.00792334508150816
18910909224085.0,0.0,0.004629610106348991
18910909298735.0,-0.004999999888241291,0.03678847849369049
18910909372062.0,0.0,0.02466689981520176
18910909446668.0,0.0,0.010399329476058483
18910909522165.0,-0.004999999888241291,0.0029830869752913713
18910909596497.0,-0.004999999888241291,0.0198582261800766
18910909669517.0,0.0,0.008428324945271015
18910909745387.0,0.0,0.02695412002503872
18910909817954.0,0.0,0.036005862057209015
18910909891845.0,0.0,0.005333688110113144
18910909965959.0,0.0,0.006951965391635895
18910910040283.0,0.0,0.024495357647538185
18910910114321.0,0.0,0.022240517660975456
18910910188712.0,0.0,0.050678517669439316
18910910261284.0,0.0,0.05960763245820999
18910910335415.0,0.0,0.02148270420730114
18910910410763.0,0.0,0.042830321937799454
18910910485575.0,0.0,0.017415309324860573
18910910557649.0,0.0,0.005091187544167042
18910910634418.0,0.0,0.20825214684009552
18910910709301.0,0.0,0.004108096472918987
18910910782731.0,0.0,0.008218892849981785
18910910859126.0,0.0,0.06272155791521072
18910910931987.0,0.0,0.007341895252466202
18910911006427.0,-0.004999999888241291,0.007006390020251274
18910911080772.0,0.0,0.009120002388954163
18910911154943.0,0.0,0.0073150270618498325
18910911228258.0,0.0,0.008984284475445747
18910911302464.0,0.0,0.011969382874667645
18910911375086.0,0.0,0.0692952498793602
18910911449525.0,0.0,0.010371084325015545
18910911525692.0,0.0,0.024030335247516632
18910911599469.0,-0.004999999888241291,0.004481491632759571
18910911671580.0,0.0,0.005117366556078196
18910911746388.0,0.0,0.010160963051021099
18910911820580.0,0.0,0.008102464489638805
18910911893606.0,-0.004999999888241291,0.005851757247000933
18910911966807.0,-0.004999999888241291,0.008012904785573483
